filename,label,ensemble_pred,EXP_01_pred,EXP_02_pred,EXP_03_pred,EXP_04_pred,EXP_05_pred,EXP_06_pred,EXP_07_pred,EXP_08_pred,EXP_09_pred,abs_error,transcript
audio_738.wav,5.0,2.650010904246213,2.386105537414551,2.4870426654815674,2.428718532848973,2.7048306465148926,3.4485475282152573,2.0143773555755615,1.8350026607513428,1.8918280601501465,3.1847395775783514,2.349989095753787,"My goal in life is, why would you pay off my student loans? My child in main challenges, like having to pay it off soon enough. I would say, um, what motivates me to return into a sheet of both, probably just like the fact that I want, um, I want to be able to, um, you know, not worry about it, like create generation of wealth, not have to like, you know, just not like a thing that I want to have, like, on my back."
audio_108.wav,1.0,3.311380102594049,2.714160442352295,3.829556941986084,3.964019810722994,3.3950634002685547,3.581011474703073,2.932922601699829,3.0638225078582764,3.027252197265625,3.464023196669679,2.311380102594049,As a young child one of the most exacting place to be was the playground it was a place with the rules of classrooms and the structure environment of schools has been played well in our like the school days we need to play very good sports in our playgrounds and we are lots of injuries in that our school time. So at the time just we played a lot of things even we have got injuries in that so we we were get selected for the playgrounds while playing volleyball then online three kids while on that only we are just called selectating now from schools side in a playground we are just the also friends with the playgrounds we need to play all the things what we need to know about the things that we need to go.
audio_177.wav,2.0,4.056912050863983,3.3085975646972656,3.5227253437042236,3.973431942513592,3.748291492462158,4.454360801315795,3.489102363586426,3.6058521270751953,3.940791130065918,4.402307869688344,2.056912050863983,"Mmm, Mosh-hoot Break, the playground is very big. It's very huge. There are trees at the boundaries. All the trees cover the edges of the playgrounds. And there were children's approximately 30 to 40 who play daily in the playground. I heard birds chirping, water falling from the water cooler. And the wind touches the leaves of the tree. And the trees dances them. The birds plays with the tree leaves. They make their nest on the tree. The schoolchildren playing cricket. And on the other side, some children playing football. Football is a popular game between children nowadays. It can be seen playing by the children in maximum playgrounds of the school."
audio_134.wav,3.0,0.961674442255736,1.8413912057876587,3.109973669052124,2.6799519341028284,2.4129433631896973,2.858482863315519,1.7439827919006348,1.2402997016906738,1.715857744216919,0.5643927113594477,2.038325557744264,"The last time I visited a wonderful place, Rishi Cage, which is located at the Bank of River in Rishi Cage of Kutra and States in India. I had already bought a wonderful resort there at the Bank of River because I wanted to spend a few nights over there along with my most friend. I had a wonderful time together with the campaign and taking a wonderful experience over there. I was wonderfully in trying over there with my friend. The time was"
audio_248.wav,5.0,2.967527832485387,2.84757399559021,3.5200138092041016,3.876016454075621,2.8707849979400635,3.0898181427786864,3.3503334522247314,2.841395616531372,2.767404317855835,3.065636093780678,2.032472167514613,"In the crowded market, there are lots of stalls and fruits that these floats in more. People chat, haggle and walk around, creating an lovely atmosphere. Benders call out prices and you can hear the sound of people bargaining. As it goes on, more shoppers arrive, making the market busier towards your mean, it starts quite now as the vendors. Haggle and shoppers head home."
audio_477.wav,2.0,3.9645054091127054,4.305919647216797,3.6125071048736572,3.77789879704726,3.9699134826660156,3.549060658288666,4.283707141876221,4.2304511070251465,3.8938136100769043,3.7866189166426993,1.9645054091127054,"My favorite hobby is to watch movies. It is not only for entertainment purpose but it will also give us information to think. I will watch movies mainly on, I will watch movies, thriller movies. So in that also I would like to watch some kind stories because while watching that we can come to know that how to solve and how to think about a situation or a problem. We can increase our thinking process also. Thank you."
audio_420.wav,2.0,3.931882854427042,3.4094247817993164,4.275445461273193,4.03943379104737,4.778830528259277,4.107594056618517,4.0145111083984375,4.220804691314697,4.1145758628845215,3.6159151986050104,1.9318828544270419,"I am going to tell a booth my hobby and my hobby generally hobby is considered as a active advantage than for enjoying it during leisure time. How the include themed items and objects engaging in creative and artistic, passionate space, sports are doing many creative things or participating in any of the activities. I generally interested in reading books or developing fashion making it diverse and different from others how to stand the follow trends in society. And also advancing production and technology of this generation."
audio_170.wav,2.5,4.4248752470937545,4.230402946472168,3.810891628265381,4.004117660184426,3.6617183685302734,4.231095684863542,4.725109100341797,4.4911274909973145,4.268228530883789,4.492101744403116,1.9248752470937545,"I think the goal that I am actually very nice to be happy, completely happy because I think in this generation it's not easy to achieve. And also, just being very... I like to achieve, like, my small means of life such as having my own space because it's an easy to live with my parents right now. So I think that is maybe really goal as of the moment. What challenges would you face? I think that the budgeting because it's an easy to, you know, have your own space when you are hard with the budget. That's the way I think. That is the hardest part of achieving that goal as of the moment. But not the way to just stay focused on the time and the time that you're going to go. So I think the idea of living and the idea of being alone in having my own space. I think that's what meeting focus..."
audio_240.wav,5.0,3.2116222523873583,2.547036647796631,3.9540317058563232,4.420629079814577,4.056733131408691,3.6472514876668836,3.106640338897705,3.166264772415161,3.087440013885498,3.118524477042936,1.7883777476126417,"I have a short term and long term career goals that I wanted to. So my short term goals are to get out of my comfort zone so that I can explore and get the job I wanted without any hesitation. To learn and develop new skills that will be beneficial to my crew, to become a productive interest worthy employee. While my long term goals are to participate in trainings or seminars to further expand the damage in my chosen field and to become an expert in my chosen field and take on more leadership role. In my perspective a call center is a vital part of customer service serving as a center for managing telephone needs, interactions, it is where the percentage is."
audio_482.wav,2.0,3.754626209875139,3.450076103210449,3.4983386993408203,3.6359143327385794,3.6889214515686035,3.850245288726034,3.738548994064331,3.9316229820251465,3.6629087924957275,3.6463476084809203,1.754626209875139,"My favorite hobbies listening to songs, of course mobile and earphones are very mandatory for listening music. Whenever I feel sad, low or happy, I like to listen songs. It depends on my mood. When I'm happy I'll listen to the like rap songs and many different enjoying songs. And when comes to my sad mood I'll listen hard with it so on. And also I like to listen when I am alone or when I am left alone, I like to hear the songs by my own. And I enjoy my own company while listening songs. Whenever it comes to my hobby the first thing is songs because it's very important to keep my mind very fresh and low. This is why I call listening to music in my favorite hobby."
