filename,true_score,nested_oof_prediction
audio_192.wav,3.0,3.2004
audio_436.wav,3.0,3.2626
audio_447.wav,3.5,4.6539
audio_126.wav,2.0,2.4594
audio_61.wav,2.0,3.1491
audio_639.wav,2.5,2.7724
audio_703.wav,2.0,2.4618
audio_509.wav,3.0,3.9456
audio_672.wav,4.0,3.3487
audio_344.wav,4.0,3.2897
audio_592.wav,5.0,4.1793
audio_705.wav,3.0,4.115
audio_497.wav,2.0,2.7299
audio_702.wav,3.0,4.4005
audio_598.wav,2.0,2.6709
audio_99.wav,3.5,3.8405
audio_194.wav,4.0,3.1392
audio_5055.wav,0.0,0.0839
audio_178.wav,3.0,2.2853
audio_609.wav,5.0,3.8022
audio_77.wav,4.0,3.0315
audio_18.wav,4.0,3.5252
audio_9.wav,4.0,2.8091
audio_138.wav,2.0,2.2786
audio_269.wav,4.0,3.1911
audio_717.wav,4.5,3.6948
audio_529.wav,3.0,2.917
audio_578.wav,4.0,4.1239
audio_171.wav,2.0,2.9838
audio_596.wav,3.0,4.0989
audio_5066.wav,0.0,0.0209
audio_501.wav,3.0,3.5818
audio_8.wav,2.0,2.7822
audio_84.wav,2.5,2.4506
audio_11.wav,3.0,2.5934
audio_142.wav,2.5,2.5647
audio_610.wav,5.0,4.3364
audio_654.wav,3.0,3.3861
audio_170.wav,2.5,4.4508
audio_255.wav,4.5,3.799
audio_162.wav,3.0,3.4214
audio_5069.wav,0.0,0.0278
audio_769.wav,3.0,3.9909
audio_720.wav,3.0,3.8211
audio_623.wav,3.0,3.4663
audio_718.wav,4.5,3.7181
audio_136.wav,3.5,2.4347
audio_119.wav,2.0,2.7968
audio_542.wav,3.0,3.408
audio_5073.wav,0.0,0.0202
audio_322.wav,4.0,3.5654
audio_5039.wav,0.0,0.2652
audio_707.wav,3.0,4.0314
audio_148.wav,3.5,3.599
audio_316.wav,2.0,3.4093
audio_647.wav,4.5,3.9457
audio_286.wav,5.0,4.3899
audio_92.wav,4.0,3.1505
audio_462.wav,3.5,3.3567
audio_376.wav,5.0,4.3575
audio_76.wav,4.0,3.5529
audio_105.wav,2.0,2.9669
audio_355.wav,3.0,3.014
audio_663.wav,3.0,2.5331
audio_767.wav,4.5,4.0529
audio_655.wav,5.0,4.1567
audio_372.wav,5.0,4.6595
audio_667.wav,5.0,4.4107
audio_517.wav,2.5,2.5803
audio_765.wav,5.0,4.2814
audio_38.wav,4.0,3.7258
audio_371.wav,5.0,4.6927
audio_507.wav,3.0,3.0944
audio_5056.wav,0.0,0.0
audio_282.wav,5.0,4.6058
audio_459.wav,3.0,3.075
audio_303.wav,5.0,4.1682
audio_297.wav,4.5,4.6328
audio_432.wav,3.5,2.6468
audio_454.wav,3.5,2.648
audio_482.wav,2.0,3.7989
audio_484.wav,2.0,2.8132
audio_757.wav,4.0,3.3719
audio_773.wav,3.0,3.2878
audio_668.wav,5.0,4.7732
audio_240.wav,5.0,3.1441
audio_163.wav,2.0,2.1196
audio_659.wav,5.0,4.2398
audio_532.wav,3.5,3.2187
audio_464.wav,2.0,3.2401
audio_5.wav,2.5,3.4762
audio_231.wav,3.5,3.5056
audio_384.wav,5.0,4.7973
audio_54.wav,4.0,2.6253
audio_656.wav,5.0,3.864
audio_444.wav,3.0,2.6662
audio_5062.wav,0.0,0.0211
audio_312.wav,4.5,2.9016
audio_120.wav,2.5,2.0564
audio_446.wav,3.0,3.7043
audio_546.wav,2.5,3.3244
audio_430.wav,4.0,3.1964
audio_179.wav,2.0,2.5418
audio_674.wav,4.0,4.2486
audio_737.wav,3.5,3.9814
audio_669.wav,3.0,2.9555
audio_540.wav,4.0,4.2427
audio_692.wav,4.0,3.4678
audio_572.wav,2.0,3.2339
audio_479.wav,2.0,3.671
audio_419.wav,3.0,3.6577
audio_5037.wav,0.0,0.2114
audio_433.wav,3.0,3.2011
audio_405.wav,5.0,4.2974
audio_267.wav,4.0,3.318
audio_358.wav,5.0,4.2924
audio_331.wav,5.0,4.2491
audio_487.wav,2.5,2.9324
audio_494.wav,3.0,2.5583
audio_536.wav,2.5,3.5201
audio_634.wav,4.0,3.3739
audio_317.wav,3.5,4.5403
audio_5054.wav,0.0,0.2386
audio_723.wav,5.0,4.1329
audio_155.wav,3.5,4.4515
audio_410.wav,2.0,2.5989
audio_251.wav,2.0,3.072
audio_779.wav,5.0,3.9862
audio_382.wav,4.0,4.2793
audio_559.wav,3.0,3.1585
audio_161.wav,3.0,2.9537
audio_535.wav,2.5,2.845
audio_363.wav,5.0,4.9443
audio_5057.wav,0.0,0.7933
audio_660.wav,4.5,4.5418
audio_293.wav,5.0,4.3662
audio_74.wav,4.0,3.9073
audio_215.wav,4.0,4.2532
audio_228.wav,3.0,3.1743
audio_602.wav,2.0,2.3944
audio_396.wav,2.0,3.6543
audio_576.wav,2.0,3.747
audio_5040.wav,0.0,0.2975
audio_198.wav,4.0,3.2489
audio_600.wav,2.0,2.2384
audio_710.wav,4.0,4.1786
audio_246.wav,3.0,3.5083
audio_490.wav,2.5,3.3796
audio_657.wav,5.0,4.4453
audio_688.wav,5.0,3.5776
audio_698.wav,5.0,4.0896
audio_499.wav,2.5,2.5805
audio_463.wav,4.0,4.4717
audio_604.wav,4.5,4.1204
audio_97.wav,4.0,3.3903
audio_234.wav,3.0,3.8697
audio_782.wav,5.0,4.1817
audio_758.wav,4.0,3.6078
audio_727.wav,4.5,4.4302
audio_643.wav,4.0,2.9055
audio_261.wav,3.0,3.9171
audio_205.wav,4.0,3.6466
audio_128.wav,2.0,3.6848
audio_650.wav,5.0,4.6444
audio_35.wav,2.0,3.2885
audio_141.wav,3.0,3.4102
audio_260.wav,3.5,3.5878
audio_722.wav,5.0,4.53
audio_5047.wav,0.0,0.0324
audio_324.wav,5.0,4.6137
audio_279.wav,5.0,4.8187
audio_450.wav,3.0,2.3415
audio_32.wav,2.5,3.4677
audio_254.wav,3.5,2.586
audio_544.wav,2.0,2.3885
audio_176.wav,4.5,4.152
audio_301.wav,4.5,4.3166
audio_213.wav,5.0,4.2234
audio_295.wav,5.0,4.3179
audio_40.wav,3.0,3.1658
audio_496.wav,2.5,2.5852
audio_45.wav,2.5,3.2613
audio_146.wav,3.0,4.3738
audio_415.wav,2.5,3.2933
audio_595.wav,3.0,3.6771
audio_783.wav,4.0,3.8457
audio_673.wav,5.0,3.9866
audio_48.wav,2.5,2.317
audio_777.wav,4.5,3.9723
audio_330.wav,3.0,3.3444
audio_200.wav,3.0,3.4656
audio_259.wav,4.0,3.762
audio_721.wav,3.0,3.7308
audio_223.wav,5.0,4.5576
audio_175.wav,4.0,4.1995
audio_400.wav,4.0,3.7455
audio_506.wav,2.0,2.7067
audio_153.wav,3.0,2.9783
audio_5050.wav,0.0,0.4782
audio_281.wav,4.5,4.3491
audio_543.wav,3.0,3.797
audio_445.wav,3.0,2.6285
audio_124.wav,2.0,3.1436
audio_249.wav,2.0,3.077
audio_420.wav,2.0,3.999
audio_203.wav,5.0,4.1596
audio_278.wav,5.0,3.5894
audio_516.wav,2.5,3.4357
audio_326.wav,4.0,3.0641
audio_603.wav,4.5,3.7016
audio_199.wav,4.0,3.6964
audio_406.wav,2.5,3.4488
audio_538.wav,4.0,3.6739
audio_631.wav,5.0,4.5027
audio_5061.wav,0.0,0.1261
audio_196.wav,4.0,2.2077
audio_756.wav,4.0,3.6346
audio_649.wav,5.0,4.5283
audio_27.wav,2.0,2.9216
audio_681.wav,5.0,3.7834
audio_556.wav,2.5,2.4363
audio_185.wav,3.0,3.1001
audio_369.wav,5.0,4.6734
audio_241.wav,4.0,4.5692
audio_98.wav,2.5,2.2122
audio_389.wav,5.0,4.8634
audio_357.wav,5.0,3.7291
audio_112.wav,3.0,3.4049
audio_675.wav,4.0,3.7763
audio_113.wav,4.0,3.6241
audio_483.wav,2.0,3.4539
audio_474.wav,2.0,2.6721
audio_725.wav,4.5,3.784
audio_774.wav,3.0,3.2796
audio_588.wav,2.5,2.6588
audio_395.wav,3.0,3.7962
audio_210.wav,5.0,4.3236
audio_309.wav,3.0,3.165
audio_457.wav,3.0,2.6076
audio_492.wav,2.5,3.3758
audio_738.wav,5.0,2.4628
audio_305.wav,5.0,4.4798
audio_123.wav,3.5,2.8127
audio_5053.wav,0.0,0.1964
audio_89.wav,2.5,2.9795
audio_747.wav,3.0,3.117
audio_115.wav,2.0,3.0325
audio_235.wav,3.0,3.263
audio_414.wav,3.5,3.0469
audio_56.wav,2.0,2.4189
audio_43.wav,3.5,3.334
audio_394.wav,5.0,4.7041
audio_423.wav,3.0,3.3261
audio_579.wav,4.0,3.7223
audio_172.wav,3.0,2.8793
audio_144.wav,5.0,3.7841
audio_151.wav,2.5,2.0377
audio_65.wav,1.5,2.511
audio_481.wav,2.0,3.4453
audio_262.wav,4.0,4.0168
audio_229.wav,4.5,4.0078
audio_22.wav,4.0,3.158
audio_434.wav,3.5,2.4606
audio_488.wav,3.0,2.7476
audio_439.wav,3.0,2.828
audio_160.wav,2.0,2.5838
audio_594.wav,3.0,4.2053
audio_651.wav,5.0,4.8236
audio_569.wav,3.0,2.7759
audio_440.wav,2.0,2.2577
audio_658.wav,5.0,4.4141
audio_274.wav,3.0,2.693
audio_5065.wav,0.0,0.3792
audio_158.wav,2.5,3.2147
audio_493.wav,4.0,3.8231
audio_646.wav,4.5,4.1437
audio_64.wav,2.5,2.3558
audio_451.wav,2.5,2.5634
audio_277.wav,3.5,3.5727
audio_491.wav,2.5,1.8849
audio_52.wav,2.0,3.1285
audio_743.wav,4.0,3.5084
audio_243.wav,3.0,2.5676
audio_661.wav,5.0,4.329
audio_456.wav,3.0,3.0037
audio_90.wav,4.0,3.6249
audio_735.wav,4.0,3.8431
audio_775.wav,4.5,3.9722
audio_587.wav,2.5,2.8748
audio_103.wav,2.5,2.6561
audio_111.wav,3.5,3.2168
audio_421.wav,2.0,2.4151
audio_683.wav,4.0,4.367
audio_152.wav,3.0,3.3527
audio_134.wav,3.0,0.9742
audio_12.wav,4.5,3.5078
audio_232.wav,3.0,3.4179
audio_36.wav,3.0,3.6153
audio_268.wav,5.0,3.6646
audio_68.wav,2.0,2.2763
audio_729.wav,3.0,3.9916
audio_247.wav,4.5,3.4121
audio_224.wav,5.0,4.039
audio_425.wav,3.0,2.5242
audio_392.wav,5.0,4.7004
audio_615.wav,4.0,3.2077
audio_245.wav,3.5,4.0327
audio_271.wav,3.5,3.0406
audio_321.wav,2.0,3.2627
audio_5043.wav,0.0,0.4291
audio_187.wav,5.0,4.596
audio_221.wav,4.0,4.6621
audio_219.wav,5.0,4.7422
audio_601.wav,2.0,2.8656
audio_100.wav,2.5,2.5951
audio_227.wav,4.5,4.6082
audio_411.wav,2.0,3.099
audio_28.wav,3.0,2.611
audio_653.wav,2.5,2.5096
audio_29.wav,3.0,3.4865
audio_470.wav,2.5,3.059
audio_356.wav,3.5,3.0695
audio_365.wav,2.0,2.313
audio_58.wav,2.5,3.6887
audio_708.wav,3.0,3.6027
audio_319.wav,4.5,4.5918
audio_5067.wav,0.0,0.3008
audio_135.wav,4.0,4.2068
audio_612.wav,4.0,3.8753
audio_373.wav,5.0,4.5015
audio_680.wav,5.0,3.8731
audio_63.wav,4.0,2.8045
audio_700.wav,2.5,2.9663
audio_429.wav,4.0,3.8177
audio_745.wav,5.0,4.7399
audio_731.wav,2.0,3.2568
audio_461.wav,5.0,4.0296
audio_79.wav,2.0,1.8084
audio_5038.wav,0.0,0.116
audio_760.wav,4.0,4.4088
audio_72.wav,2.0,2.3738
audio_696.wav,5.0,4.2607
audio_744.wav,4.0,3.44
audio_662.wav,5.0,4.5391
audio_570.wav,3.0,3.3399
audio_10.wav,3.0,2.629
audio_628.wav,2.5,3.2256
audio_606.wav,3.5,3.2365
audio_73.wav,4.0,3.2161
audio_605.wav,4.0,3.2193
audio_106.wav,3.5,3.0332
audio_306.wav,5.0,3.7439
audio_75.wav,2.0,3.2168
audio_550.wav,3.5,3.3632
audio_340.wav,5.0,3.8843
audio_272.wav,3.0,3.4509
audio_518.wav,3.5,3.5675
audio_34.wav,2.0,3.1169
audio_87.wav,2.0,2.3923
audio_211.wav,5.0,4.3493
audio_431.wav,3.0,3.0862
audio_555.wav,5.0,3.9421
audio_648.wav,5.0,3.3192
audio_5051.wav,0.0,0.12
audio_422.wav,2.0,3.3777
audio_627.wav,2.5,3.5786
audio_122.wav,5.0,3.4905
audio_88.wav,3.5,3.9058
audio_165.wav,2.5,2.9877
audio_276.wav,3.5,4.1413
audio_746.wav,5.0,4.8073
audio_252.wav,3.5,2.6216
audio_266.wav,4.0,3.2083
audio_611.wav,4.5,3.0596
audio_5058.wav,0.0,0.1104
audio_81.wav,3.0,2.8428
audio_3.wav,3.0,2.5401
audio_21.wav,2.0,3.1576
audio_190.wav,3.0,3.5741
audio_189.wav,5.0,3.9416
audio_519.wav,3.0,3.6073
audio_748.wav,2.5,3.6092
audio_505.wav,3.0,2.7541
audio_361.wav,4.0,3.7314
audio_5052.wav,0.0,0.447
audio_16.wav,4.0,4.3429
audio_327.wav,5.0,4.7045
audio_313.wav,3.0,3.3805
audio_589.wav,2.5,3.1202
audio_416.wav,3.5,3.2627
audio_762.wav,5.0,4.0753
audio_714.wav,3.0,3.6982
audio_455.wav,3.0,2.4265
audio_42.wav,3.0,3.64
audio_561.wav,4.0,3.3649
audio_226.wav,3.0,3.2566
audio_110.wav,3.5,3.1195
audio_739.wav,5.0,3.3432
audio_504.wav,3.5,2.4298
audio_379.wav,4.0,4.7253
audio_520.wav,2.5,2.3953
audio_5068.wav,0.0,0.7005
audio_30.wav,2.0,2.5384
audio_5041.wav,0.0,0.1864
audio_485.wav,3.0,1.782
audio_475.wav,2.0,2.6889
audio_145.wav,4.0,3.6885
audio_308.wav,5.0,3.9896
audio_184.wav,3.0,4.1437
audio_586.wav,2.5,3.4732
audio_398.wav,3.5,4.2988
audio_726.wav,5.0,3.4339
audio_466.wav,3.0,3.6894
audio_218.wav,5.0,4.8012
audio_644.wav,3.0,3.5073
audio_351.wav,3.0,2.6931
audio_248.wav,5.0,2.9817
audio_83.wav,3.0,3.4639
audio_71.wav,2.0,2.6317
audio_287.wav,5.0,3.6522
audio_367.wav,2.0,3.383
audio_166.wav,3.0,3.568
audio_94.wav,2.0,2.9605
audio_108.wav,1.0,3.328
audio_511.wav,4.0,3.6536
audio_5059.wav,0.0,0.1002
audio_310.wav,5.0,3.8531
audio_50.wav,3.0,2.6803
audio_6.wav,3.0,3.2807
audio_515.wav,2.5,3.7626
audio_742.wav,4.5,3.6879
audio_545.wav,2.5,3.2403
audio_489.wav,3.0,3.1176
audio_697.wav,5.0,4.8426
audio_225.wav,3.0,3.0418
audio_553.wav,2.0,2.4625
audio_237.wav,3.0,3.4142
audio_197.wav,4.5,4.2558
audio_449.wav,4.0,4.4211
audio_567.wav,3.0,2.4181
audio_477.wav,2.0,4.0557
audio_728.wav,3.0,3.7042
audio_377.wav,4.0,3.6418
audio_633.wav,5.0,4.1556
audio_690.wav,4.0,3.2377
audio_525.wav,4.5,4.2619
audio_31.wav,3.0,4.1702
audio_676.wav,4.0,4.3115
audio_263.wav,4.0,3.336
audio_5070.wav,0.0,0.2002
audio_510.wav,3.0,3.5846
audio_577.wav,4.0,3.8466
audio_230.wav,4.5,4.5523
audio_314.wav,3.5,3.2521
audio_641.wav,4.0,2.932
audio_689.wav,4.0,4.317
audio_352.wav,4.5,3.7904
audio_193.wav,4.0,3.6138
audio_5049.wav,0.0,0.0106
audio_300.wav,5.0,4.8053
audio_581.wav,1.5,1.94
audio_164.wav,2.5,1.9964
audio_502.wav,3.0,3.2098
audio_380.wav,4.0,3.8849
audio_15.wav,2.0,2.9217
audio_238.wav,4.0,3.1594
audio_53.wav,3.0,2.9191
audio_283.wav,4.0,3.8423
audio_614.wav,4.5,4.184
audio_121.wav,2.5,3.0306
audio_216.wav,4.0,3.7261
audio_552.wav,2.0,2.852
audio_514.wav,2.5,2.364
audio_593.wav,5.0,3.8911
audio_565.wav,3.0,2.3537
audio_140.wav,3.0,3.5814
audio_117.wav,2.5,2.7714
audio_495.wav,4.0,3.6844
audio_652.wav,3.0,3.3662
audio_645.wav,3.0,3.0422
audio_242.wav,2.0,3.0539
audio_4.wav,2.5,3.5585
audio_93.wav,2.0,3.0445
audio_582.wav,2.0,2.5027
audio_222.wav,5.0,4.5052
audio_5042.wav,0.0,0.0
audio_253.wav,3.5,3.0454
audio_167.wav,3.0,3.6518
audio_583.wav,3.0,3.4066
audio_682.wav,5.0,3.7822
audio_5045.wav,0.0,0.6392
audio_173.wav,3.0,2.6302
audio_338.wav,5.0,4.9268
audio_188.wav,5.0,3.9649
audio_59.wav,3.0,3.6708
audio_318.wav,5.0,4.2642
audio_17.wav,2.0,2.7784
audio_551.wav,2.0,3.418
audio_275.wav,4.0,2.92
audio_368.wav,5.0,4.3369
audio_730.wav,3.0,3.1781
audio_5060.wav,0.0,0.019
audio_685.wav,3.0,3.9705
audio_7.wav,3.0,3.251
audio_204.wav,5.0,4.5315
audio_5064.wav,0.0,0.6131
audio_127.wav,3.5,3.4775
audio_412.wav,2.0,3.149
audio_132.wav,2.0,2.4528
audio_156.wav,3.5,3.1225
audio_426.wav,2.0,2.8619
audio_709.wav,4.0,4.1816
audio_291.wav,5.0,4.2516
audio_523.wav,3.5,3.703
audio_632.wav,4.5,3.7522
audio_684.wav,3.0,3.9337
audio_512.wav,2.5,3.1461
audio_764.wav,5.0,4.6309
audio_585.wav,3.0,2.9026
audio_562.wav,2.0,2.8702
audio_465.wav,3.5,3.1357
audio_37.wav,3.0,3.4638
audio_47.wav,3.0,3.6826
audio_233.wav,3.0,3.0455
audio_621.wav,5.0,4.7931
audio_590.wav,3.0,3.5409
audio_349.wav,3.5,2.7992
audio_387.wav,5.0,3.9668
audio_630.wav,3.5,4.059
audio_5046.wav,0.0,1.2328
audio_183.wav,3.0,3.233
audio_607.wav,4.0,3.4896
audio_133.wav,3.0,2.2525
audio_443.wav,3.0,2.812
audio_55.wav,2.0,3.2792
audio_686.wav,3.0,2.9662
audio_740.wav,4.0,3.6999
audio_699.wav,2.5,3.3045
audio_44.wav,4.0,4.1131
audio_500.wav,3.5,2.5771
audio_265.wav,2.5,3.7345
audio_125.wav,2.0,2.8729
audio_413.wav,4.0,4.1912
audio_256.wav,4.5,3.8005
audio_350.wav,4.5,3.8204
audio_364.wav,5.0,4.9395
audio_131.wav,2.5,1.7258
audio_168.wav,3.5,3.2587
audio_557.wav,3.5,3.6689
audio_670.wav,3.0,3.1985
audio_342.wav,4.5,4.39
audio_2.wav,2.5,1.7872
audio_5048.wav,0.0,0.4516
audio_741.wav,4.0,3.1952
audio_294.wav,4.0,3.6583
audio_370.wav,5.0,4.7276
audio_417.wav,3.5,2.8538
audio_753.wav,4.0,4.2489
audio_533.wav,3.0,3.1882
audio_239.wav,4.5,4.8861
audio_566.wav,3.0,2.3381
audio_736.wav,4.0,3.5441
audio_541.wav,2.0,3.0248
audio_531.wav,3.5,2.395
audio_280.wav,5.0,4.1417
audio_33.wav,4.0,4.1899
audio_307.wav,5.0,4.5356
audio_617.wav,4.5,3.5025
audio_613.wav,5.0,4.7292
audio_472.wav,2.5,2.3892
audio_568.wav,3.0,2.9868
audio_521.wav,4.0,4.3529
audio_401.wav,5.0,3.9962
audio_573.wav,2.5,2.8305
audio_180.wav,3.0,2.8102
audio_320.wav,3.5,2.9189
audio_85.wav,3.0,3.2099
audio_296.wav,2.0,3.812
audio_250.wav,3.0,2.9832
audio_346.wav,5.0,4.4653
audio_335.wav,4.0,3.2769
audio_20.wav,2.0,2.5609
audio_5071.wav,0.0,0.0135
audio_558.wav,4.0,2.9462
audio_289.wav,2.5,2.2207
audio_620.wav,5.0,4.3019
audio_665.wav,3.0,3.1682
audio_751.wav,4.0,4.391
audio_442.wav,2.0,1.845
audio_362.wav,5.0,4.9217
audio_311.wav,3.5,3.0325
audio_724.wav,5.0,4.264
audio_39.wav,3.0,2.5797
audio_290.wav,2.0,1.829
audio_23.wav,2.5,2.6821
audio_624.wav,3.0,3.734
audio_206.wav,5.0,4.705
audio_288.wav,4.5,3.7392
audio_60.wav,3.0,3.1409
audio_80.wav,2.0,3.2928
audio_214.wav,4.0,3.9555
audio_599.wav,2.0,2.5734
audio_5063.wav,0.0,0.315
audio_207.wav,4.0,3.7637
audio_438.wav,3.0,3.2735
audio_332.wav,5.0,4.5927
audio_159.wav,5.0,4.0419
audio_478.wav,2.0,3.1904
audio_46.wav,3.0,2.9283
audio_130.wav,3.0,2.448
audio_437.wav,2.5,2.2772
audio_771.wav,5.0,4.4359
audio_759.wav,4.0,4.5955
audio_25.wav,3.0,3.0821
audio_191.wav,3.0,2.2587
audio_182.wav,3.0,3.4988
audio_236.wav,3.0,2.6296
audio_24.wav,3.0,3.3027
audio_428.wav,3.0,3.2879
audio_678.wav,5.0,4.3869
audio_591.wav,2.0,2.3135
audio_597.wav,2.0,3.1043
audio_580.wav,1.5,2.1663
audio_19.wav,3.0,3.0104
audio_476.wav,2.0,3.0375
audio_375.wav,3.5,3.0587
audio_642.wav,3.0,2.0713
audio_66.wav,2.0,2.8197
audio_186.wav,5.0,4.42
audio_713.wav,4.0,4.8667
audio_354.wav,3.5,4.2072
audio_768.wav,5.0,4.3718
audio_14.wav,3.5,3.8346
audio_208.wav,4.0,3.9896
audio_418.wav,2.5,2.9847
audio_212.wav,5.0,4.4841
audio_177.wav,2.0,3.9515
audio_503.wav,2.5,2.457
audio_564.wav,2.0,2.5835
audio_257.wav,4.5,3.8773
audio_408.wav,4.0,2.5747
audio_468.wav,2.5,3.0665
audio_574.wav,2.5,2.6656
audio_26.wav,4.0,3.4121
audio_480.wav,3.0,2.9477
audio_706.wav,3.0,3.0648
audio_57.wav,2.5,3.117
audio_209.wav,5.0,4.2593
audio_712.wav,4.0,4.2168
audio_353.wav,3.0,3.3892
audio_575.wav,2.0,2.8554
audio_383.wav,3.5,3.6245
audio_781.wav,5.0,3.9393
audio_118.wav,4.5,3.8869
audio_337.wav,5.0,4.8395
audio_715.wav,3.0,3.54
audio_323.wav,3.5,3.3943
audio_374.wav,4.0,4.1824
audio_348.wav,3.5,3.2192
audio_547.wav,3.0,2.3721
audio_41.wav,4.0,2.7041
audio_284.wav,4.5,3.8311
audio_13.wav,3.0,3.7462
audio_548.wav,3.5,3.2712
audio_687.wav,4.5,4.5016
audio_104.wav,2.5,2.1549
audio_181.wav,3.0,3.9789
audio_755.wav,4.0,3.5043
audio_733.wav,5.0,3.9681
audio_5072.wav,0.0,0.1017
audio_776.wav,4.5,3.568
audio_70.wav,2.0,2.8432
audio_49.wav,3.0,2.6548
audio_527.wav,5.0,4.0134
audio_273.wav,3.5,3.9816
audio_139.wav,4.0,3.729
audio_467.wav,3.0,3.246
audio_407.wav,4.5,4.3372
audio_404.wav,4.5,4.889
audio_534.wav,3.0,3.0657
audio_96.wav,3.0,3.4974
audio_137.wav,2.5,3.6286
audio_150.wav,2.5,3.4091
audio_339.wav,5.0,4.4219
audio_409.wav,5.0,4.2412
audio_78.wav,2.0,3.0824
audio_244.wav,3.5,3.8335
audio_752.wav,4.0,3.4158
audio_508.wav,3.0,3.1287
audio_664.wav,2.5,3.0249
audio_701.wav,2.5,3.1933
audio_5044.wav,0.0,1.1349
audio_734.wav,4.5,3.8467
audio_51.wav,3.0,2.6708
audio_704.wav,2.0,3.3797
audio_129.wav,3.5,3.6979
audio_107.wav,4.0,3.28
audio_143.wav,5.0,4.002
audio_458.wav,3.0,4.1955
audio_424.wav,3.0,2.8692
audio_563.wav,2.0,3.3048
audio_625.wav,2.5,3.4396
audio_302.wav,5.0,3.7185
audio_154.wav,3.0,3.6389
audio_754.wav,4.0,3.5537
audio_749.wav,3.0,2.9771
audio_366.wav,5.0,4.7641
audio_693.wav,3.0,3.0741
audio_608.wav,5.0,4.4857
audio_220.wav,4.0,4.6103
audio_761.wav,4.0,4.1156
audio_640.wav,3.0,2.9142
audio_67.wav,4.0,3.3521
audio_299.wav,4.0,3.7206
audio_102.wav,2.0,2.7694
audio_258.wav,3.5,3.4312
audio_679.wav,4.5,4.7012
audio_82.wav,4.0,4.3094
audio_325.wav,5.0,4.083
audio_399.wav,3.0,3.1946
audio_285.wav,4.0,3.6779
audio_784.wav,4.5,4.4289
audio_0.wav,3.0,2.5781
audio_435.wav,3.5,3.1281
audio_91.wav,5.0,3.9805
audio_109.wav,2.0,2.3574
audio_772.wav,3.0,2.8665
audio_270.wav,3.5,3.085
audio_528.wav,2.5,3.5679
audio_441.wav,2.0,2.7365
audio_381.wav,5.0,3.377
audio_86.wav,2.0,2.366
audio_101.wav,4.0,3.2768
audio_333.wav,4.5,3.8625
audio_149.wav,2.5,2.5399
audio_719.wav,3.0,4.0642
audio_638.wav,3.0,3.8504
audio_147.wav,3.0,2.852
audio_62.wav,4.0,2.2659
audio_763.wav,5.0,4.4697
audio_498.wav,2.0,2.7539
audio_1.wav,3.5,3.6413
audio_304.wav,5.0,4.86
audio_347.wav,5.0,3.6576
audio_560.wav,4.0,4.3311
audio_452.wav,3.5,2.878
audio_716.wav,4.5,3.6563
audio_473.wav,2.0,2.219
audio_95.wav,4.0,2.9653
audio_732.wav,4.0,3.8931
audio_292.wav,5.0,4.3685
audio_469.wav,2.5,2.7704
audio_329.wav,2.0,3.22
audio_169.wav,2.0,3.0632
audio_174.wav,2.5,3.5922
audio_513.wav,2.5,3.0827
audio_584.wav,3.0,3.0145
audio_345.wav,5.0,4.6011
audio_750.wav,4.0,3.5658
audio_116.wav,3.0,3.7809
audio_114.wav,2.5,3.1639
audio_157.wav,3.0,3.7012
audio_385.wav,4.5,4.4841
audio_264.wav,2.5,3.1632
audio_390.wav,5.0,4.8913
audio_766.wav,4.5,3.7774
audio_571.wav,2.0,2.3466
audio_393.wav,4.5,3.7611
audio_691.wav,4.0,4.0597
