filename,true_score,oof_prediction,fold,model_name
audio_192.wav,3.0,3.4201,2,Word TFIDF Ridge
audio_436.wav,3.0,2.6814,4,Word TFIDF Ridge
audio_447.wav,3.5,4.5363,0,Word TFIDF Ridge
audio_126.wav,2.0,2.9841,3,Word TFIDF Ridge
audio_61.wav,2.0,2.6181,4,Word TFIDF Ridge
audio_639.wav,2.5,3.8129,3,Word TFIDF Ridge
audio_703.wav,2.0,2.4971,1,Word TFIDF Ridge
audio_509.wav,3.0,3.1731,0,Word TFIDF Ridge
audio_672.wav,4.0,3.9621,3,Word TFIDF Ridge
audio_344.wav,4.0,3.5922,2,Word TFIDF Ridge
audio_592.wav,5.0,4.0289,0,Word TFIDF Ridge
audio_705.wav,3.0,3.6321,1,Word TFIDF Ridge
audio_497.wav,2.0,2.325,2,Word TFIDF Ridge
audio_702.wav,3.0,3.7222,4,Word TFIDF Ridge
audio_598.wav,2.0,3.3402,4,Word TFIDF Ridge
audio_99.wav,3.5,3.2514,1,Word TFIDF Ridge
audio_194.wav,4.0,3.8006,3,Word TFIDF Ridge
audio_5055.wav,0.0,0.987,2,Word TFIDF Ridge
audio_178.wav,3.0,2.3144,1,Word TFIDF Ridge
audio_609.wav,5.0,3.2399,2,Word TFIDF Ridge
audio_77.wav,4.0,3.0847,4,Word TFIDF Ridge
audio_18.wav,4.0,2.637,4,Word TFIDF Ridge
audio_9.wav,4.0,2.2718,2,Word TFIDF Ridge
audio_138.wav,2.0,2.3923,0,Word TFIDF Ridge
audio_269.wav,4.0,3.0888,1,Word TFIDF Ridge
audio_717.wav,4.5,3.6581,2,Word TFIDF Ridge
audio_529.wav,3.0,3.8764,3,Word TFIDF Ridge
audio_578.wav,4.0,5.0,4,Word TFIDF Ridge
audio_171.wav,2.0,3.1649,1,Word TFIDF Ridge
audio_596.wav,3.0,4.9794,1,Word TFIDF Ridge
audio_5066.wav,0.0,0.0456,0,Word TFIDF Ridge
audio_501.wav,3.0,4.0887,0,Word TFIDF Ridge
audio_8.wav,2.0,2.9465,4,Word TFIDF Ridge
audio_84.wav,2.5,2.3404,0,Word TFIDF Ridge
audio_11.wav,3.0,2.6345,4,Word TFIDF Ridge
audio_142.wav,2.5,3.0434,4,Word TFIDF Ridge
audio_610.wav,5.0,5.0,3,Word TFIDF Ridge
audio_654.wav,3.0,3.4363,3,Word TFIDF Ridge
audio_170.wav,2.5,4.1581,2,Word TFIDF Ridge
audio_255.wav,4.5,3.8712,0,Word TFIDF Ridge
audio_162.wav,3.0,3.4102,4,Word TFIDF Ridge
audio_5069.wav,0.0,1.0822,1,Word TFIDF Ridge
audio_769.wav,3.0,3.5237,1,Word TFIDF Ridge
audio_720.wav,3.0,3.6819,1,Word TFIDF Ridge
audio_623.wav,3.0,2.8731,1,Word TFIDF Ridge
audio_718.wav,4.5,3.9796,3,Word TFIDF Ridge
audio_136.wav,3.5,3.0917,2,Word TFIDF Ridge
audio_119.wav,2.0,1.8338,4,Word TFIDF Ridge
audio_542.wav,3.0,3.0265,3,Word TFIDF Ridge
audio_5073.wav,0.0,0.0456,0,Word TFIDF Ridge
audio_322.wav,4.0,3.7105,3,Word TFIDF Ridge
audio_5039.wav,0.0,2.1978,1,Word TFIDF Ridge
audio_707.wav,3.0,3.9924,4,Word TFIDF Ridge
audio_148.wav,3.5,3.6579,3,Word TFIDF Ridge
audio_316.wav,2.0,3.0896,0,Word TFIDF Ridge
audio_647.wav,4.5,4.0786,0,Word TFIDF Ridge
audio_286.wav,5.0,3.49,1,Word TFIDF Ridge
audio_92.wav,4.0,3.0402,2,Word TFIDF Ridge
audio_462.wav,3.5,3.4835,4,Word TFIDF Ridge
audio_376.wav,5.0,3.9483,2,Word TFIDF Ridge
audio_76.wav,4.0,4.0399,1,Word TFIDF Ridge
audio_105.wav,2.0,2.4801,1,Word TFIDF Ridge
audio_355.wav,3.0,3.3398,4,Word TFIDF Ridge
audio_663.wav,3.0,2.9606,0,Word TFIDF Ridge
audio_767.wav,4.5,3.7235,4,Word TFIDF Ridge
audio_655.wav,5.0,3.7394,0,Word TFIDF Ridge
audio_372.wav,5.0,3.6282,0,Word TFIDF Ridge
audio_667.wav,5.0,4.4516,0,Word TFIDF Ridge
audio_517.wav,2.5,3.4526,2,Word TFIDF Ridge
audio_765.wav,5.0,4.4598,1,Word TFIDF Ridge
audio_38.wav,4.0,3.54,1,Word TFIDF Ridge
audio_371.wav,5.0,4.8495,4,Word TFIDF Ridge
audio_507.wav,3.0,2.4597,0,Word TFIDF Ridge
audio_5056.wav,0.0,0.0352,1,Word TFIDF Ridge
audio_282.wav,5.0,3.7619,1,Word TFIDF Ridge
audio_459.wav,3.0,2.5511,2,Word TFIDF Ridge
audio_303.wav,5.0,4.0948,0,Word TFIDF Ridge
audio_297.wav,4.5,3.5341,0,Word TFIDF Ridge
audio_432.wav,3.5,3.6305,0,Word TFIDF Ridge
audio_454.wav,3.5,3.2692,0,Word TFIDF Ridge
audio_482.wav,2.0,3.7945,4,Word TFIDF Ridge
audio_484.wav,2.0,2.3232,0,Word TFIDF Ridge
audio_757.wav,4.0,2.569,1,Word TFIDF Ridge
audio_773.wav,3.0,3.1067,1,Word TFIDF Ridge
audio_668.wav,5.0,3.949,0,Word TFIDF Ridge
audio_240.wav,5.0,2.7676,4,Word TFIDF Ridge
audio_163.wav,2.0,2.2437,0,Word TFIDF Ridge
audio_659.wav,5.0,3.5394,4,Word TFIDF Ridge
audio_532.wav,3.5,3.5582,2,Word TFIDF Ridge
audio_464.wav,2.0,2.8677,1,Word TFIDF Ridge
audio_5.wav,2.5,4.6362,1,Word TFIDF Ridge
audio_231.wav,3.5,3.8315,4,Word TFIDF Ridge
audio_384.wav,5.0,3.9346,1,Word TFIDF Ridge
audio_54.wav,4.0,2.7074,2,Word TFIDF Ridge
audio_656.wav,5.0,3.5986,2,Word TFIDF Ridge
audio_444.wav,3.0,3.0119,4,Word TFIDF Ridge
audio_5062.wav,0.0,0.0351,3,Word TFIDF Ridge
audio_312.wav,4.5,3.8012,0,Word TFIDF Ridge
audio_120.wav,2.5,2.3021,4,Word TFIDF Ridge
audio_446.wav,3.0,3.6753,4,Word TFIDF Ridge
audio_546.wav,2.5,2.6489,2,Word TFIDF Ridge
audio_430.wav,4.0,3.5755,0,Word TFIDF Ridge
audio_179.wav,2.0,2.4156,4,Word TFIDF Ridge
audio_674.wav,4.0,3.4374,3,Word TFIDF Ridge
audio_737.wav,3.5,2.3834,1,Word TFIDF Ridge
audio_669.wav,3.0,3.1466,4,Word TFIDF Ridge
audio_540.wav,4.0,3.9328,4,Word TFIDF Ridge
audio_692.wav,4.0,3.7457,2,Word TFIDF Ridge
audio_572.wav,2.0,2.4295,1,Word TFIDF Ridge
audio_479.wav,2.0,3.5288,0,Word TFIDF Ridge
audio_419.wav,3.0,3.3046,1,Word TFIDF Ridge
audio_5037.wav,0.0,0.9429,3,Word TFIDF Ridge
audio_433.wav,3.0,2.8073,3,Word TFIDF Ridge
audio_405.wav,5.0,4.4808,2,Word TFIDF Ridge
audio_267.wav,4.0,3.2466,1,Word TFIDF Ridge
audio_358.wav,5.0,3.1676,2,Word TFIDF Ridge
audio_331.wav,5.0,3.9765,2,Word TFIDF Ridge
audio_487.wav,2.5,2.73,2,Word TFIDF Ridge
audio_494.wav,3.0,3.5724,0,Word TFIDF Ridge
audio_536.wav,2.5,3.0464,3,Word TFIDF Ridge
audio_634.wav,4.0,4.1978,0,Word TFIDF Ridge
audio_317.wav,3.5,4.2678,4,Word TFIDF Ridge
audio_5054.wav,0.0,2.7154,3,Word TFIDF Ridge
audio_723.wav,5.0,4.0874,3,Word TFIDF Ridge
audio_155.wav,3.5,3.3825,2,Word TFIDF Ridge
audio_410.wav,2.0,3.0454,2,Word TFIDF Ridge
audio_251.wav,2.0,1.9038,2,Word TFIDF Ridge
audio_779.wav,5.0,3.5292,3,Word TFIDF Ridge
audio_382.wav,4.0,3.5676,4,Word TFIDF Ridge
audio_559.wav,3.0,2.9387,3,Word TFIDF Ridge
audio_161.wav,3.0,2.5582,4,Word TFIDF Ridge
audio_535.wav,2.5,3.4811,1,Word TFIDF Ridge
audio_363.wav,5.0,5.0,1,Word TFIDF Ridge
audio_5057.wav,0.0,2.8665,0,Word TFIDF Ridge
audio_660.wav,4.5,3.9655,4,Word TFIDF Ridge
audio_293.wav,5.0,4.9745,1,Word TFIDF Ridge
audio_74.wav,4.0,3.7224,1,Word TFIDF Ridge
audio_215.wav,4.0,4.4694,0,Word TFIDF Ridge
audio_228.wav,3.0,2.9865,4,Word TFIDF Ridge
audio_602.wav,2.0,3.4721,1,Word TFIDF Ridge
audio_396.wav,2.0,3.1819,1,Word TFIDF Ridge
audio_576.wav,2.0,3.3095,2,Word TFIDF Ridge
audio_5040.wav,0.0,3.6216,2,Word TFIDF Ridge
audio_198.wav,4.0,3.3698,3,Word TFIDF Ridge
audio_600.wav,2.0,2.932,2,Word TFIDF Ridge
audio_710.wav,4.0,3.6851,1,Word TFIDF Ridge
audio_246.wav,3.0,2.1355,3,Word TFIDF Ridge
audio_490.wav,2.5,2.9686,3,Word TFIDF Ridge
audio_657.wav,5.0,4.1869,0,Word TFIDF Ridge
audio_688.wav,5.0,3.6249,2,Word TFIDF Ridge
audio_698.wav,5.0,4.5118,3,Word TFIDF Ridge
audio_499.wav,2.5,2.4531,3,Word TFIDF Ridge
audio_463.wav,4.0,4.0579,3,Word TFIDF Ridge
audio_604.wav,4.5,4.2564,2,Word TFIDF Ridge
audio_97.wav,4.0,3.1651,2,Word TFIDF Ridge
audio_234.wav,3.0,3.5709,0,Word TFIDF Ridge
audio_782.wav,5.0,3.421,4,Word TFIDF Ridge
audio_758.wav,4.0,3.4876,3,Word TFIDF Ridge
audio_727.wav,4.5,3.5026,1,Word TFIDF Ridge
audio_643.wav,4.0,2.5767,4,Word TFIDF Ridge
audio_261.wav,3.0,3.2946,4,Word TFIDF Ridge
audio_205.wav,4.0,3.8136,4,Word TFIDF Ridge
audio_128.wav,2.0,3.9453,3,Word TFIDF Ridge
audio_650.wav,5.0,4.4038,1,Word TFIDF Ridge
audio_35.wav,2.0,3.3364,1,Word TFIDF Ridge
audio_141.wav,3.0,3.5841,1,Word TFIDF Ridge
audio_260.wav,3.5,3.3781,4,Word TFIDF Ridge
audio_722.wav,5.0,3.8801,1,Word TFIDF Ridge
audio_5047.wav,0.0,1.0527,0,Word TFIDF Ridge
audio_324.wav,5.0,4.8507,2,Word TFIDF Ridge
audio_279.wav,5.0,4.5314,4,Word TFIDF Ridge
audio_450.wav,3.0,2.6436,3,Word TFIDF Ridge
audio_32.wav,2.5,3.0798,2,Word TFIDF Ridge
audio_254.wav,3.5,2.2685,2,Word TFIDF Ridge
audio_544.wav,2.0,2.117,0,Word TFIDF Ridge
audio_176.wav,4.5,3.1867,3,Word TFIDF Ridge
audio_301.wav,4.5,4.1806,1,Word TFIDF Ridge
audio_213.wav,5.0,4.6388,1,Word TFIDF Ridge
audio_295.wav,5.0,4.4085,1,Word TFIDF Ridge
audio_40.wav,3.0,3.1157,2,Word TFIDF Ridge
audio_496.wav,2.5,3.2962,2,Word TFIDF Ridge
audio_45.wav,2.5,3.2132,0,Word TFIDF Ridge
audio_146.wav,3.0,3.9899,1,Word TFIDF Ridge
audio_415.wav,2.5,2.3636,3,Word TFIDF Ridge
audio_595.wav,3.0,3.1982,2,Word TFIDF Ridge
audio_783.wav,4.0,3.619,2,Word TFIDF Ridge
audio_673.wav,5.0,3.253,3,Word TFIDF Ridge
audio_48.wav,2.5,2.5076,4,Word TFIDF Ridge
audio_777.wav,4.5,3.0283,2,Word TFIDF Ridge
audio_330.wav,3.0,2.9623,4,Word TFIDF Ridge
audio_200.wav,3.0,3.2802,2,Word TFIDF Ridge
audio_259.wav,4.0,3.6515,4,Word TFIDF Ridge
audio_721.wav,3.0,3.3149,0,Word TFIDF Ridge
audio_223.wav,5.0,4.2583,0,Word TFIDF Ridge
audio_175.wav,4.0,3.7451,3,Word TFIDF Ridge
audio_400.wav,4.0,3.0277,2,Word TFIDF Ridge
audio_506.wav,2.0,3.2585,0,Word TFIDF Ridge
audio_153.wav,3.0,3.4336,3,Word TFIDF Ridge
audio_5050.wav,0.0,3.0328,1,Word TFIDF Ridge
audio_281.wav,4.5,4.0466,0,Word TFIDF Ridge
audio_543.wav,3.0,2.6172,4,Word TFIDF Ridge
audio_445.wav,3.0,2.905,4,Word TFIDF Ridge
audio_124.wav,2.0,2.9264,3,Word TFIDF Ridge
audio_249.wav,2.0,2.3488,2,Word TFIDF Ridge
audio_420.wav,2.0,3.2116,0,Word TFIDF Ridge
audio_203.wav,5.0,4.2439,4,Word TFIDF Ridge
audio_278.wav,5.0,3.122,4,Word TFIDF Ridge
audio_516.wav,2.5,2.936,3,Word TFIDF Ridge
audio_326.wav,4.0,3.8363,0,Word TFIDF Ridge
audio_603.wav,4.5,3.9553,0,Word TFIDF Ridge
audio_199.wav,4.0,3.5147,0,Word TFIDF Ridge
audio_406.wav,2.5,3.4877,0,Word TFIDF Ridge
audio_538.wav,4.0,3.773,0,Word TFIDF Ridge
audio_631.wav,5.0,5.0,0,Word TFIDF Ridge
audio_5061.wav,0.0,0.0347,4,Word TFIDF Ridge
audio_196.wav,4.0,2.882,0,Word TFIDF Ridge
audio_756.wav,4.0,3.9324,4,Word TFIDF Ridge
audio_649.wav,5.0,3.814,4,Word TFIDF Ridge
audio_27.wav,2.0,2.0625,0,Word TFIDF Ridge
audio_681.wav,5.0,2.8408,3,Word TFIDF Ridge
audio_556.wav,2.5,2.668,0,Word TFIDF Ridge
audio_185.wav,3.0,2.9725,2,Word TFIDF Ridge
audio_369.wav,5.0,4.2246,2,Word TFIDF Ridge
audio_241.wav,4.0,5.0,1,Word TFIDF Ridge
audio_98.wav,2.5,3.3755,3,Word TFIDF Ridge
audio_389.wav,5.0,4.1631,3,Word TFIDF Ridge
audio_357.wav,5.0,3.1269,3,Word TFIDF Ridge
audio_112.wav,3.0,2.6268,0,Word TFIDF Ridge
audio_675.wav,4.0,2.8772,2,Word TFIDF Ridge
audio_113.wav,4.0,3.0448,3,Word TFIDF Ridge
audio_483.wav,2.0,2.9462,4,Word TFIDF Ridge
audio_474.wav,2.0,3.5558,1,Word TFIDF Ridge
audio_725.wav,4.5,3.9696,3,Word TFIDF Ridge
audio_774.wav,3.0,3.7802,3,Word TFIDF Ridge
audio_588.wav,2.5,2.8272,0,Word TFIDF Ridge
audio_395.wav,3.0,3.4439,1,Word TFIDF Ridge
audio_210.wav,5.0,4.5249,2,Word TFIDF Ridge
audio_309.wav,3.0,3.5499,3,Word TFIDF Ridge
audio_457.wav,3.0,2.6736,2,Word TFIDF Ridge
audio_492.wav,2.5,2.9295,0,Word TFIDF Ridge
audio_738.wav,5.0,3.9727,4,Word TFIDF Ridge
audio_305.wav,5.0,4.8282,4,Word TFIDF Ridge
audio_123.wav,3.5,2.9219,4,Word TFIDF Ridge
audio_5053.wav,0.0,1.8675,4,Word TFIDF Ridge
audio_89.wav,2.5,3.1085,0,Word TFIDF Ridge
audio_747.wav,3.0,2.4306,2,Word TFIDF Ridge
audio_115.wav,2.0,3.708,3,Word TFIDF Ridge
audio_235.wav,3.0,2.9512,1,Word TFIDF Ridge
audio_414.wav,3.5,3.2634,1,Word TFIDF Ridge
audio_56.wav,2.0,3.2788,2,Word TFIDF Ridge
audio_43.wav,3.5,3.543,0,Word TFIDF Ridge
audio_394.wav,5.0,5.0,4,Word TFIDF Ridge
audio_423.wav,3.0,3.1869,4,Word TFIDF Ridge
audio_579.wav,4.0,3.0248,3,Word TFIDF Ridge
audio_172.wav,3.0,3.6387,0,Word TFIDF Ridge
audio_144.wav,5.0,4.4865,2,Word TFIDF Ridge
audio_151.wav,2.5,2.6064,1,Word TFIDF Ridge
audio_65.wav,1.5,2.9807,1,Word TFIDF Ridge
audio_481.wav,2.0,4.6278,3,Word TFIDF Ridge
audio_262.wav,4.0,3.9883,0,Word TFIDF Ridge
audio_229.wav,4.5,4.2088,1,Word TFIDF Ridge
audio_22.wav,4.0,3.6601,2,Word TFIDF Ridge
audio_434.wav,3.5,2.9809,3,Word TFIDF Ridge
audio_488.wav,3.0,3.4216,3,Word TFIDF Ridge
audio_439.wav,3.0,3.4073,1,Word TFIDF Ridge
audio_160.wav,2.0,3.5902,0,Word TFIDF Ridge
audio_594.wav,3.0,3.7435,1,Word TFIDF Ridge
audio_651.wav,5.0,4.2613,3,Word TFIDF Ridge
audio_569.wav,3.0,2.6755,2,Word TFIDF Ridge
audio_440.wav,2.0,2.8885,4,Word TFIDF Ridge
audio_658.wav,5.0,4.1563,4,Word TFIDF Ridge
audio_274.wav,3.0,2.8437,2,Word TFIDF Ridge
audio_5065.wav,0.0,1.5405,2,Word TFIDF Ridge
audio_158.wav,2.5,3.2459,4,Word TFIDF Ridge
audio_493.wav,4.0,3.6029,2,Word TFIDF Ridge
audio_646.wav,4.5,4.2988,0,Word TFIDF Ridge
audio_64.wav,2.5,3.0583,4,Word TFIDF Ridge
audio_451.wav,2.5,3.0146,2,Word TFIDF Ridge
audio_277.wav,3.5,2.8929,2,Word TFIDF Ridge
audio_491.wav,2.5,2.5715,3,Word TFIDF Ridge
audio_52.wav,2.0,3.2225,2,Word TFIDF Ridge
audio_743.wav,4.0,1.9453,0,Word TFIDF Ridge
audio_243.wav,3.0,2.2048,3,Word TFIDF Ridge
audio_661.wav,5.0,4.2698,3,Word TFIDF Ridge
audio_456.wav,3.0,2.7393,2,Word TFIDF Ridge
audio_90.wav,4.0,3.1629,3,Word TFIDF Ridge
audio_735.wav,4.0,3.1017,1,Word TFIDF Ridge
audio_775.wav,4.5,2.9359,2,Word TFIDF Ridge
audio_587.wav,2.5,3.1974,4,Word TFIDF Ridge
audio_103.wav,2.5,2.8764,2,Word TFIDF Ridge
audio_111.wav,3.5,3.6689,0,Word TFIDF Ridge
audio_421.wav,2.0,2.256,1,Word TFIDF Ridge
audio_683.wav,4.0,4.4765,1,Word TFIDF Ridge
audio_152.wav,3.0,3.0134,3,Word TFIDF Ridge
audio_134.wav,3.0,2.6226,1,Word TFIDF Ridge
audio_12.wav,4.5,2.9547,4,Word TFIDF Ridge
audio_232.wav,3.0,3.7012,0,Word TFIDF Ridge
audio_36.wav,3.0,2.5857,3,Word TFIDF Ridge
audio_268.wav,5.0,3.7953,2,Word TFIDF Ridge
audio_68.wav,2.0,1.4806,0,Word TFIDF Ridge
audio_729.wav,3.0,3.5499,0,Word TFIDF Ridge
audio_247.wav,4.5,3.5287,2,Word TFIDF Ridge
audio_224.wav,5.0,4.2304,1,Word TFIDF Ridge
audio_425.wav,3.0,3.0155,3,Word TFIDF Ridge
audio_392.wav,5.0,4.1884,2,Word TFIDF Ridge
audio_615.wav,4.0,4.149,2,Word TFIDF Ridge
audio_245.wav,3.5,3.1398,1,Word TFIDF Ridge
audio_271.wav,3.5,2.3816,2,Word TFIDF Ridge
audio_321.wav,2.0,3.8241,4,Word TFIDF Ridge
audio_5043.wav,0.0,2.1713,0,Word TFIDF Ridge
audio_187.wav,5.0,4.5336,2,Word TFIDF Ridge
audio_221.wav,4.0,4.3222,1,Word TFIDF Ridge
audio_219.wav,5.0,4.3513,2,Word TFIDF Ridge
audio_601.wav,2.0,3.3199,4,Word TFIDF Ridge
audio_100.wav,2.5,3.1127,0,Word TFIDF Ridge
audio_227.wav,4.5,4.5212,4,Word TFIDF Ridge
audio_411.wav,2.0,2.8625,3,Word TFIDF Ridge
audio_28.wav,3.0,2.6214,3,Word TFIDF Ridge
audio_653.wav,2.5,2.8632,2,Word TFIDF Ridge
audio_29.wav,3.0,4.0035,1,Word TFIDF Ridge
audio_470.wav,2.5,3.184,2,Word TFIDF Ridge
audio_356.wav,3.5,3.0647,2,Word TFIDF Ridge
audio_365.wav,2.0,2.7775,2,Word TFIDF Ridge
audio_58.wav,2.5,2.9211,1,Word TFIDF Ridge
audio_708.wav,3.0,3.3033,0,Word TFIDF Ridge
audio_319.wav,4.5,3.7842,3,Word TFIDF Ridge
audio_5067.wav,0.0,2.206,1,Word TFIDF Ridge
audio_135.wav,4.0,4.0928,1,Word TFIDF Ridge
audio_612.wav,4.0,4.054,0,Word TFIDF Ridge
audio_373.wav,5.0,4.6695,1,Word TFIDF Ridge
audio_680.wav,5.0,3.6831,4,Word TFIDF Ridge
audio_63.wav,4.0,3.8692,0,Word TFIDF Ridge
audio_700.wav,2.5,2.8889,2,Word TFIDF Ridge
audio_429.wav,4.0,3.3825,1,Word TFIDF Ridge
audio_745.wav,5.0,3.8761,1,Word TFIDF Ridge
audio_731.wav,2.0,2.5052,1,Word TFIDF Ridge
audio_461.wav,5.0,4.0774,0,Word TFIDF Ridge
audio_79.wav,2.0,2.2271,4,Word TFIDF Ridge
audio_5038.wav,0.0,1.489,0,Word TFIDF Ridge
audio_760.wav,4.0,3.6016,4,Word TFIDF Ridge
audio_72.wav,2.0,1.8874,1,Word TFIDF Ridge
audio_696.wav,5.0,4.5957,2,Word TFIDF Ridge
audio_744.wav,4.0,3.5357,1,Word TFIDF Ridge
audio_662.wav,5.0,3.6825,4,Word TFIDF Ridge
audio_570.wav,3.0,2.9103,0,Word TFIDF Ridge
audio_10.wav,3.0,2.849,4,Word TFIDF Ridge
audio_628.wav,2.5,3.5402,1,Word TFIDF Ridge
audio_606.wav,3.5,3.8374,3,Word TFIDF Ridge
audio_73.wav,4.0,3.6485,3,Word TFIDF Ridge
audio_605.wav,4.0,3.4968,2,Word TFIDF Ridge
audio_106.wav,3.5,2.8451,0,Word TFIDF Ridge
audio_306.wav,5.0,3.4106,1,Word TFIDF Ridge
audio_75.wav,2.0,3.627,1,Word TFIDF Ridge
audio_550.wav,3.5,4.2781,2,Word TFIDF Ridge
audio_340.wav,5.0,4.3673,2,Word TFIDF Ridge
audio_272.wav,3.0,2.5387,0,Word TFIDF Ridge
audio_518.wav,3.5,3.055,0,Word TFIDF Ridge
audio_34.wav,2.0,2.5875,1,Word TFIDF Ridge
audio_87.wav,2.0,3.2771,3,Word TFIDF Ridge
audio_211.wav,5.0,3.7309,2,Word TFIDF Ridge
audio_431.wav,3.0,2.8646,1,Word TFIDF Ridge
audio_555.wav,5.0,3.7735,0,Word TFIDF Ridge
audio_648.wav,5.0,3.1635,0,Word TFIDF Ridge
audio_5051.wav,0.0,1.4696,0,Word TFIDF Ridge
audio_422.wav,2.0,2.6437,3,Word TFIDF Ridge
audio_627.wav,2.5,3.3956,2,Word TFIDF Ridge
audio_122.wav,5.0,3.6643,4,Word TFIDF Ridge
audio_88.wav,3.5,3.3714,1,Word TFIDF Ridge
audio_165.wav,2.5,2.9053,2,Word TFIDF Ridge
audio_276.wav,3.5,4.176,2,Word TFIDF Ridge
audio_746.wav,5.0,4.3941,3,Word TFIDF Ridge
audio_252.wav,3.5,2.1876,2,Word TFIDF Ridge
audio_266.wav,4.0,3.2663,4,Word TFIDF Ridge
audio_611.wav,4.5,3.4547,3,Word TFIDF Ridge
audio_5058.wav,0.0,0.0351,3,Word TFIDF Ridge
audio_81.wav,3.0,3.8145,0,Word TFIDF Ridge
audio_3.wav,3.0,2.5801,3,Word TFIDF Ridge
audio_21.wav,2.0,2.9948,1,Word TFIDF Ridge
audio_190.wav,3.0,3.6734,4,Word TFIDF Ridge
audio_189.wav,5.0,3.2489,4,Word TFIDF Ridge
audio_519.wav,3.0,3.2831,1,Word TFIDF Ridge
audio_748.wav,2.5,3.7127,1,Word TFIDF Ridge
audio_505.wav,3.0,2.4939,0,Word TFIDF Ridge
audio_361.wav,4.0,3.1484,0,Word TFIDF Ridge
audio_5052.wav,0.0,2.2108,3,Word TFIDF Ridge
audio_16.wav,4.0,3.4517,4,Word TFIDF Ridge
audio_327.wav,5.0,4.9819,3,Word TFIDF Ridge
audio_313.wav,3.0,4.1962,4,Word TFIDF Ridge
audio_589.wav,2.5,2.196,1,Word TFIDF Ridge
audio_416.wav,3.5,3.7958,4,Word TFIDF Ridge
audio_762.wav,5.0,3.9534,2,Word TFIDF Ridge
audio_714.wav,3.0,3.5005,4,Word TFIDF Ridge
audio_455.wav,3.0,2.6324,4,Word TFIDF Ridge
audio_42.wav,3.0,3.6483,1,Word TFIDF Ridge
audio_561.wav,4.0,3.4004,0,Word TFIDF Ridge
audio_226.wav,3.0,2.8129,1,Word TFIDF Ridge
audio_110.wav,3.5,3.259,0,Word TFIDF Ridge
audio_739.wav,5.0,3.9909,4,Word TFIDF Ridge
audio_504.wav,3.5,2.728,2,Word TFIDF Ridge
audio_379.wav,4.0,3.85,2,Word TFIDF Ridge
audio_520.wav,2.5,3.8381,3,Word TFIDF Ridge
audio_5068.wav,0.0,2.0214,4,Word TFIDF Ridge
audio_30.wav,2.0,2.573,3,Word TFIDF Ridge
audio_5041.wav,0.0,1.9037,3,Word TFIDF Ridge
audio_485.wav,3.0,2.4109,0,Word TFIDF Ridge
audio_475.wav,2.0,2.7232,0,Word TFIDF Ridge
audio_145.wav,4.0,2.8793,4,Word TFIDF Ridge
audio_308.wav,5.0,4.8517,2,Word TFIDF Ridge
audio_184.wav,3.0,3.3636,2,Word TFIDF Ridge
audio_586.wav,2.5,3.7579,0,Word TFIDF Ridge
audio_398.wav,3.5,4.4764,3,Word TFIDF Ridge
audio_726.wav,5.0,3.7597,0,Word TFIDF Ridge
audio_466.wav,3.0,3.4614,1,Word TFIDF Ridge
audio_218.wav,5.0,4.1832,4,Word TFIDF Ridge
audio_644.wav,3.0,3.294,3,Word TFIDF Ridge
audio_351.wav,3.0,3.3839,3,Word TFIDF Ridge
audio_248.wav,5.0,3.5051,2,Word TFIDF Ridge
audio_83.wav,3.0,2.5766,1,Word TFIDF Ridge
audio_71.wav,2.0,3.3597,4,Word TFIDF Ridge
audio_287.wav,5.0,4.296,3,Word TFIDF Ridge
audio_367.wav,2.0,2.5809,2,Word TFIDF Ridge
audio_166.wav,3.0,2.3836,3,Word TFIDF Ridge
audio_94.wav,2.0,2.8324,2,Word TFIDF Ridge
audio_108.wav,1.0,3.3399,2,Word TFIDF Ridge
audio_511.wav,4.0,3.3043,2,Word TFIDF Ridge
audio_5059.wav,0.0,3.7526,0,Word TFIDF Ridge
audio_310.wav,5.0,3.5611,2,Word TFIDF Ridge
audio_50.wav,3.0,3.6732,4,Word TFIDF Ridge
audio_6.wav,3.0,2.9628,0,Word TFIDF Ridge
audio_515.wav,2.5,3.0235,1,Word TFIDF Ridge
audio_742.wav,4.5,3.4337,2,Word TFIDF Ridge
audio_545.wav,2.5,3.2755,0,Word TFIDF Ridge
audio_489.wav,3.0,2.8348,1,Word TFIDF Ridge
audio_697.wav,5.0,4.2712,0,Word TFIDF Ridge
audio_225.wav,3.0,3.1983,2,Word TFIDF Ridge
audio_553.wav,2.0,2.8761,4,Word TFIDF Ridge
audio_237.wav,3.0,3.6393,2,Word TFIDF Ridge
audio_197.wav,4.5,4.0858,3,Word TFIDF Ridge
audio_449.wav,4.0,4.6638,3,Word TFIDF Ridge
audio_567.wav,3.0,2.8941,1,Word TFIDF Ridge
audio_477.wav,2.0,2.5661,1,Word TFIDF Ridge
audio_728.wav,3.0,3.1089,3,Word TFIDF Ridge
audio_377.wav,4.0,2.551,3,Word TFIDF Ridge
audio_633.wav,5.0,4.225,1,Word TFIDF Ridge
audio_690.wav,4.0,3.2813,2,Word TFIDF Ridge
audio_525.wav,4.5,3.3396,2,Word TFIDF Ridge
audio_31.wav,3.0,3.0834,1,Word TFIDF Ridge
audio_676.wav,4.0,3.7492,3,Word TFIDF Ridge
audio_263.wav,4.0,3.4702,0,Word TFIDF Ridge
audio_5070.wav,0.0,0.0352,1,Word TFIDF Ridge
audio_510.wav,3.0,3.816,2,Word TFIDF Ridge
audio_577.wav,4.0,3.818,0,Word TFIDF Ridge
audio_230.wav,4.5,4.231,3,Word TFIDF Ridge
audio_314.wav,3.5,2.5532,1,Word TFIDF Ridge
audio_641.wav,4.0,2.5524,4,Word TFIDF Ridge
audio_689.wav,4.0,3.518,4,Word TFIDF Ridge
audio_352.wav,4.5,3.7023,0,Word TFIDF Ridge
audio_193.wav,4.0,3.3901,0,Word TFIDF Ridge
audio_5049.wav,0.0,0.0347,4,Word TFIDF Ridge
audio_300.wav,5.0,3.9904,4,Word TFIDF Ridge
audio_581.wav,1.5,1.9432,4,Word TFIDF Ridge
audio_164.wav,2.5,2.3527,4,Word TFIDF Ridge
audio_502.wav,3.0,2.9823,0,Word TFIDF Ridge
audio_380.wav,4.0,3.9278,3,Word TFIDF Ridge
audio_15.wav,2.0,3.0244,1,Word TFIDF Ridge
audio_238.wav,4.0,2.5764,1,Word TFIDF Ridge
audio_53.wav,3.0,2.4674,4,Word TFIDF Ridge
audio_283.wav,4.0,2.9798,2,Word TFIDF Ridge
audio_614.wav,4.5,3.922,0,Word TFIDF Ridge
audio_121.wav,2.5,3.5977,3,Word TFIDF Ridge
audio_216.wav,4.0,4.3548,0,Word TFIDF Ridge
audio_552.wav,2.0,2.7426,4,Word TFIDF Ridge
audio_514.wav,2.5,3.2565,3,Word TFIDF Ridge
audio_593.wav,5.0,3.7418,0,Word TFIDF Ridge
audio_565.wav,3.0,2.2411,4,Word TFIDF Ridge
audio_140.wav,3.0,2.956,4,Word TFIDF Ridge
audio_117.wav,2.5,2.7163,4,Word TFIDF Ridge
audio_495.wav,4.0,3.6448,1,Word TFIDF Ridge
audio_652.wav,3.0,3.9995,1,Word TFIDF Ridge
audio_645.wav,3.0,2.9682,2,Word TFIDF Ridge
audio_242.wav,2.0,2.3763,3,Word TFIDF Ridge
audio_4.wav,2.5,4.0463,1,Word TFIDF Ridge
audio_93.wav,2.0,3.059,0,Word TFIDF Ridge
audio_582.wav,2.0,1.3487,0,Word TFIDF Ridge
audio_222.wav,5.0,3.9586,4,Word TFIDF Ridge
audio_5042.wav,0.0,0.0352,1,Word TFIDF Ridge
audio_253.wav,3.5,2.5264,0,Word TFIDF Ridge
audio_167.wav,3.0,3.0956,0,Word TFIDF Ridge
audio_583.wav,3.0,3.7301,3,Word TFIDF Ridge
audio_682.wav,5.0,4.6758,4,Word TFIDF Ridge
audio_5045.wav,0.0,1.0227,0,Word TFIDF Ridge
audio_173.wav,3.0,3.0106,4,Word TFIDF Ridge
audio_338.wav,5.0,4.5935,4,Word TFIDF Ridge
audio_188.wav,5.0,3.9216,2,Word TFIDF Ridge
audio_59.wav,3.0,3.5256,0,Word TFIDF Ridge
audio_318.wav,5.0,3.4542,2,Word TFIDF Ridge
audio_17.wav,2.0,2.5871,3,Word TFIDF Ridge
audio_551.wav,2.0,3.7339,1,Word TFIDF Ridge
audio_275.wav,4.0,2.8132,4,Word TFIDF Ridge
audio_368.wav,5.0,4.4161,3,Word TFIDF Ridge
audio_730.wav,3.0,2.9924,2,Word TFIDF Ridge
audio_5060.wav,0.0,0.0456,0,Word TFIDF Ridge
audio_685.wav,3.0,4.194,4,Word TFIDF Ridge
audio_7.wav,3.0,3.176,3,Word TFIDF Ridge
audio_204.wav,5.0,4.6057,4,Word TFIDF Ridge
audio_5064.wav,0.0,3.23,3,Word TFIDF Ridge
audio_127.wav,3.5,2.9104,1,Word TFIDF Ridge
audio_412.wav,2.0,2.7485,2,Word TFIDF Ridge
audio_132.wav,2.0,2.743,4,Word TFIDF Ridge
audio_156.wav,3.5,2.8312,3,Word TFIDF Ridge
audio_426.wav,2.0,2.4701,4,Word TFIDF Ridge
audio_709.wav,4.0,3.9869,0,Word TFIDF Ridge
audio_291.wav,5.0,4.1755,0,Word TFIDF Ridge
audio_523.wav,3.5,3.6504,0,Word TFIDF Ridge
audio_632.wav,4.5,4.2123,1,Word TFIDF Ridge
audio_684.wav,3.0,4.6149,3,Word TFIDF Ridge
audio_512.wav,2.5,1.4784,0,Word TFIDF Ridge
audio_764.wav,5.0,3.9573,2,Word TFIDF Ridge
audio_585.wav,3.0,2.7016,1,Word TFIDF Ridge
audio_562.wav,2.0,3.134,0,Word TFIDF Ridge
audio_465.wav,3.5,4.0322,4,Word TFIDF Ridge
audio_37.wav,3.0,3.5516,3,Word TFIDF Ridge
audio_47.wav,3.0,3.7029,2,Word TFIDF Ridge
audio_233.wav,3.0,3.6778,2,Word TFIDF Ridge
audio_621.wav,5.0,4.0327,4,Word TFIDF Ridge
audio_590.wav,3.0,3.7678,1,Word TFIDF Ridge
audio_349.wav,3.5,3.1273,2,Word TFIDF Ridge
audio_387.wav,5.0,4.7602,2,Word TFIDF Ridge
audio_630.wav,3.5,3.6714,0,Word TFIDF Ridge
audio_5046.wav,0.0,3.5443,1,Word TFIDF Ridge
audio_183.wav,3.0,3.459,2,Word TFIDF Ridge
audio_607.wav,4.0,3.8694,2,Word TFIDF Ridge
audio_133.wav,3.0,2.9882,1,Word TFIDF Ridge
audio_443.wav,3.0,2.8721,2,Word TFIDF Ridge
audio_55.wav,2.0,3.4416,0,Word TFIDF Ridge
audio_686.wav,3.0,3.5966,1,Word TFIDF Ridge
audio_740.wav,4.0,4.1083,3,Word TFIDF Ridge
audio_699.wav,2.5,3.1611,3,Word TFIDF Ridge
audio_44.wav,4.0,4.2377,1,Word TFIDF Ridge
audio_500.wav,3.5,2.6305,1,Word TFIDF Ridge
audio_265.wav,2.5,3.0924,4,Word TFIDF Ridge
audio_125.wav,2.0,2.5338,3,Word TFIDF Ridge
audio_413.wav,4.0,4.15,3,Word TFIDF Ridge
audio_256.wav,4.5,4.1299,3,Word TFIDF Ridge
audio_350.wav,4.5,3.621,0,Word TFIDF Ridge
audio_364.wav,5.0,4.5508,2,Word TFIDF Ridge
audio_131.wav,2.5,2.7143,4,Word TFIDF Ridge
audio_168.wav,3.5,4.1878,1,Word TFIDF Ridge
audio_557.wav,3.5,3.1198,0,Word TFIDF Ridge
audio_670.wav,3.0,3.0719,0,Word TFIDF Ridge
audio_342.wav,4.5,4.4422,3,Word TFIDF Ridge
audio_2.wav,2.5,1.9567,3,Word TFIDF Ridge
audio_5048.wav,0.0,2.9374,3,Word TFIDF Ridge
audio_741.wav,4.0,3.0069,4,Word TFIDF Ridge
audio_294.wav,4.0,3.4258,1,Word TFIDF Ridge
audio_370.wav,5.0,4.326,4,Word TFIDF Ridge
audio_417.wav,3.5,2.0243,4,Word TFIDF Ridge
audio_753.wav,4.0,3.8201,1,Word TFIDF Ridge
audio_533.wav,3.0,3.2141,3,Word TFIDF Ridge
audio_239.wav,4.5,4.2666,1,Word TFIDF Ridge
audio_566.wav,3.0,2.5487,4,Word TFIDF Ridge
audio_736.wav,4.0,3.6078,4,Word TFIDF Ridge
audio_541.wav,2.0,3.5277,4,Word TFIDF Ridge
audio_531.wav,3.5,2.9328,4,Word TFIDF Ridge
audio_280.wav,5.0,3.6999,4,Word TFIDF Ridge
audio_33.wav,4.0,2.8076,4,Word TFIDF Ridge
audio_307.wav,5.0,4.4833,4,Word TFIDF Ridge
audio_617.wav,4.5,3.6392,3,Word TFIDF Ridge
audio_613.wav,5.0,3.8288,0,Word TFIDF Ridge
audio_472.wav,2.5,2.232,3,Word TFIDF Ridge
audio_568.wav,3.0,2.8974,1,Word TFIDF Ridge
audio_521.wav,4.0,4.7146,3,Word TFIDF Ridge
audio_401.wav,5.0,4.0571,1,Word TFIDF Ridge
audio_573.wav,2.5,3.3137,4,Word TFIDF Ridge
audio_180.wav,3.0,2.6175,4,Word TFIDF Ridge
audio_320.wav,3.5,3.8257,2,Word TFIDF Ridge
audio_85.wav,3.0,3.4987,2,Word TFIDF Ridge
audio_296.wav,2.0,3.8261,4,Word TFIDF Ridge
audio_250.wav,3.0,2.3964,2,Word TFIDF Ridge
audio_346.wav,5.0,4.7409,0,Word TFIDF Ridge
audio_335.wav,4.0,3.5066,3,Word TFIDF Ridge
audio_20.wav,2.0,3.1884,0,Word TFIDF Ridge
audio_5071.wav,0.0,0.0456,0,Word TFIDF Ridge
audio_558.wav,4.0,4.0094,1,Word TFIDF Ridge
audio_289.wav,2.5,1.7769,3,Word TFIDF Ridge
audio_620.wav,5.0,4.0893,3,Word TFIDF Ridge
audio_665.wav,3.0,3.0914,1,Word TFIDF Ridge
audio_751.wav,4.0,4.9656,0,Word TFIDF Ridge
audio_442.wav,2.0,3.0908,3,Word TFIDF Ridge
audio_362.wav,5.0,5.0,1,Word TFIDF Ridge
audio_311.wav,3.5,3.5335,2,Word TFIDF Ridge
audio_724.wav,5.0,4.6438,3,Word TFIDF Ridge
audio_39.wav,3.0,2.5341,4,Word TFIDF Ridge
audio_290.wav,2.0,2.3452,1,Word TFIDF Ridge
audio_23.wav,2.5,2.5177,1,Word TFIDF Ridge
audio_624.wav,3.0,3.7125,2,Word TFIDF Ridge
audio_206.wav,5.0,4.5295,3,Word TFIDF Ridge
audio_288.wav,4.5,4.2547,3,Word TFIDF Ridge
audio_60.wav,3.0,3.3168,2,Word TFIDF Ridge
audio_80.wav,2.0,2.9379,1,Word TFIDF Ridge
audio_214.wav,4.0,4.3063,4,Word TFIDF Ridge
audio_599.wav,2.0,2.7881,3,Word TFIDF Ridge
audio_5063.wav,0.0,2.7266,2,Word TFIDF Ridge
audio_207.wav,4.0,3.9465,0,Word TFIDF Ridge
audio_438.wav,3.0,2.8465,0,Word TFIDF Ridge
audio_332.wav,5.0,4.8095,0,Word TFIDF Ridge
audio_159.wav,5.0,2.8629,0,Word TFIDF Ridge
audio_478.wav,2.0,3.1431,3,Word TFIDF Ridge
audio_46.wav,3.0,3.3982,1,Word TFIDF Ridge
audio_130.wav,3.0,2.5121,3,Word TFIDF Ridge
audio_437.wav,2.5,2.5948,3,Word TFIDF Ridge
audio_771.wav,5.0,4.4109,2,Word TFIDF Ridge
audio_759.wav,4.0,4.4426,4,Word TFIDF Ridge
audio_25.wav,3.0,3.2443,3,Word TFIDF Ridge
audio_191.wav,3.0,2.7534,4,Word TFIDF Ridge
audio_182.wav,3.0,2.4656,1,Word TFIDF Ridge
audio_236.wav,3.0,3.0167,1,Word TFIDF Ridge
audio_24.wav,3.0,3.9496,0,Word TFIDF Ridge
audio_428.wav,3.0,3.3763,1,Word TFIDF Ridge
audio_678.wav,5.0,4.092,4,Word TFIDF Ridge
audio_591.wav,2.0,1.2095,1,Word TFIDF Ridge
audio_597.wav,2.0,3.4361,0,Word TFIDF Ridge
audio_580.wav,1.5,2.3206,3,Word TFIDF Ridge
audio_19.wav,3.0,3.1107,2,Word TFIDF Ridge
audio_476.wav,2.0,2.5645,2,Word TFIDF Ridge
audio_375.wav,3.5,3.3262,0,Word TFIDF Ridge
audio_642.wav,3.0,1.5095,3,Word TFIDF Ridge
audio_66.wav,2.0,3.2527,1,Word TFIDF Ridge
audio_186.wav,5.0,4.4192,2,Word TFIDF Ridge
audio_713.wav,4.0,4.0303,3,Word TFIDF Ridge
audio_354.wav,3.5,3.9882,0,Word TFIDF Ridge
audio_768.wav,5.0,4.0611,3,Word TFIDF Ridge
audio_14.wav,3.5,2.7404,1,Word TFIDF Ridge
audio_208.wav,4.0,4.4326,1,Word TFIDF Ridge
audio_418.wav,2.5,2.6074,2,Word TFIDF Ridge
audio_212.wav,5.0,4.6125,3,Word TFIDF Ridge
audio_177.wav,2.0,3.3508,0,Word TFIDF Ridge
audio_503.wav,2.5,3.4452,0,Word TFIDF Ridge
audio_564.wav,2.0,2.5505,1,Word TFIDF Ridge
audio_257.wav,4.5,3.8287,2,Word TFIDF Ridge
audio_408.wav,4.0,3.2355,0,Word TFIDF Ridge
audio_468.wav,2.5,3.2807,1,Word TFIDF Ridge
audio_574.wav,2.5,3.3642,4,Word TFIDF Ridge
audio_26.wav,4.0,3.6254,3,Word TFIDF Ridge
audio_480.wav,3.0,3.2538,1,Word TFIDF Ridge
audio_706.wav,3.0,2.7568,2,Word TFIDF Ridge
audio_57.wav,2.5,3.2156,4,Word TFIDF Ridge
audio_209.wav,5.0,4.0863,4,Word TFIDF Ridge
audio_712.wav,4.0,3.3009,1,Word TFIDF Ridge
audio_353.wav,3.0,2.581,0,Word TFIDF Ridge
audio_575.wav,2.0,3.1008,2,Word TFIDF Ridge
audio_383.wav,3.5,4.3828,3,Word TFIDF Ridge
audio_781.wav,5.0,3.0845,4,Word TFIDF Ridge
audio_118.wav,4.5,2.8153,4,Word TFIDF Ridge
audio_337.wav,5.0,4.6773,4,Word TFIDF Ridge
audio_715.wav,3.0,4.0699,2,Word TFIDF Ridge
audio_323.wav,3.5,3.5574,3,Word TFIDF Ridge
audio_374.wav,4.0,3.4597,3,Word TFIDF Ridge
audio_348.wav,3.5,2.0633,3,Word TFIDF Ridge
audio_547.wav,3.0,2.9572,4,Word TFIDF Ridge
audio_41.wav,4.0,2.8946,0,Word TFIDF Ridge
audio_284.wav,4.5,4.2023,4,Word TFIDF Ridge
audio_13.wav,3.0,4.1573,1,Word TFIDF Ridge
audio_548.wav,3.5,3.6858,4,Word TFIDF Ridge
audio_687.wav,4.5,4.3702,2,Word TFIDF Ridge
audio_104.wav,2.5,2.2696,2,Word TFIDF Ridge
audio_181.wav,3.0,3.9707,3,Word TFIDF Ridge
audio_755.wav,4.0,3.3453,1,Word TFIDF Ridge
audio_733.wav,5.0,3.325,0,Word TFIDF Ridge
audio_5072.wav,0.0,1.9035,0,Word TFIDF Ridge
audio_776.wav,4.5,3.4018,2,Word TFIDF Ridge
audio_70.wav,2.0,3.0953,3,Word TFIDF Ridge
audio_49.wav,3.0,2.9242,2,Word TFIDF Ridge
audio_527.wav,5.0,3.3935,2,Word TFIDF Ridge
audio_273.wav,3.5,2.6575,1,Word TFIDF Ridge
audio_139.wav,4.0,3.1311,2,Word TFIDF Ridge
audio_467.wav,3.0,3.2518,1,Word TFIDF Ridge
audio_407.wav,4.5,4.0219,4,Word TFIDF Ridge
audio_404.wav,4.5,3.8309,0,Word TFIDF Ridge
audio_534.wav,3.0,2.5306,4,Word TFIDF Ridge
audio_96.wav,3.0,3.4683,1,Word TFIDF Ridge
audio_137.wav,2.5,2.9462,4,Word TFIDF Ridge
audio_150.wav,2.5,2.1925,2,Word TFIDF Ridge
audio_339.wav,5.0,3.9402,1,Word TFIDF Ridge
audio_409.wav,5.0,4.0871,3,Word TFIDF Ridge
audio_78.wav,2.0,2.9571,3,Word TFIDF Ridge
audio_244.wav,3.5,3.398,4,Word TFIDF Ridge
audio_752.wav,4.0,3.4159,0,Word TFIDF Ridge
audio_508.wav,3.0,3.2758,4,Word TFIDF Ridge
audio_664.wav,2.5,2.8423,3,Word TFIDF Ridge
audio_701.wav,2.5,3.1122,2,Word TFIDF Ridge
audio_5044.wav,0.0,2.3128,0,Word TFIDF Ridge
audio_734.wav,4.5,2.182,0,Word TFIDF Ridge
audio_51.wav,3.0,3.1218,0,Word TFIDF Ridge
audio_704.wav,2.0,3.259,4,Word TFIDF Ridge
audio_129.wav,3.5,3.8954,0,Word TFIDF Ridge
audio_107.wav,4.0,2.8967,2,Word TFIDF Ridge
audio_143.wav,5.0,4.268,2,Word TFIDF Ridge
audio_458.wav,3.0,3.7333,3,Word TFIDF Ridge
audio_424.wav,3.0,3.6499,4,Word TFIDF Ridge
audio_563.wav,2.0,2.8931,4,Word TFIDF Ridge
audio_625.wav,2.5,3.3845,1,Word TFIDF Ridge
audio_302.wav,5.0,3.8721,2,Word TFIDF Ridge
audio_154.wav,3.0,3.7557,3,Word TFIDF Ridge
audio_754.wav,4.0,4.0797,1,Word TFIDF Ridge
audio_749.wav,3.0,2.9202,3,Word TFIDF Ridge
audio_366.wav,5.0,4.1994,1,Word TFIDF Ridge
audio_693.wav,3.0,2.7459,0,Word TFIDF Ridge
audio_608.wav,5.0,2.9551,1,Word TFIDF Ridge
audio_220.wav,4.0,3.6381,3,Word TFIDF Ridge
audio_761.wav,4.0,3.3145,2,Word TFIDF Ridge
audio_640.wav,3.0,3.1703,4,Word TFIDF Ridge
audio_67.wav,4.0,2.2758,2,Word TFIDF Ridge
audio_299.wav,4.0,3.8276,3,Word TFIDF Ridge
audio_102.wav,2.0,2.817,1,Word TFIDF Ridge
audio_258.wav,3.5,2.8751,0,Word TFIDF Ridge
audio_679.wav,4.5,3.6396,2,Word TFIDF Ridge
audio_82.wav,4.0,3.3827,0,Word TFIDF Ridge
audio_325.wav,5.0,3.9424,4,Word TFIDF Ridge
audio_399.wav,3.0,3.2375,1,Word TFIDF Ridge
audio_285.wav,4.0,3.1777,1,Word TFIDF Ridge
audio_784.wav,4.5,4.49,0,Word TFIDF Ridge
audio_0.wav,3.0,2.501,2,Word TFIDF Ridge
audio_435.wav,3.5,3.7018,4,Word TFIDF Ridge
audio_91.wav,5.0,4.1323,3,Word TFIDF Ridge
audio_109.wav,2.0,2.6745,2,Word TFIDF Ridge
audio_772.wav,3.0,3.1801,0,Word TFIDF Ridge
audio_270.wav,3.5,3.2791,3,Word TFIDF Ridge
audio_528.wav,2.5,2.7965,2,Word TFIDF Ridge
audio_441.wav,2.0,3.2278,1,Word TFIDF Ridge
audio_381.wav,5.0,3.363,3,Word TFIDF Ridge
audio_86.wav,2.0,2.392,2,Word TFIDF Ridge
audio_101.wav,4.0,2.3372,0,Word TFIDF Ridge
audio_333.wav,4.5,4.1382,3,Word TFIDF Ridge
audio_149.wav,2.5,3.1001,3,Word TFIDF Ridge
audio_719.wav,3.0,3.2522,0,Word TFIDF Ridge
audio_638.wav,3.0,3.5176,1,Word TFIDF Ridge
audio_147.wav,3.0,3.2189,3,Word TFIDF Ridge
audio_62.wav,4.0,3.0523,2,Word TFIDF Ridge
audio_763.wav,5.0,4.0625,3,Word TFIDF Ridge
audio_498.wav,2.0,3.1365,2,Word TFIDF Ridge
audio_1.wav,3.5,4.3455,3,Word TFIDF Ridge
audio_304.wav,5.0,4.5824,3,Word TFIDF Ridge
audio_347.wav,5.0,3.9013,3,Word TFIDF Ridge
audio_560.wav,4.0,3.822,3,Word TFIDF Ridge
audio_452.wav,3.5,2.3186,3,Word TFIDF Ridge
audio_716.wav,4.5,2.2221,1,Word TFIDF Ridge
audio_473.wav,2.0,0.4209,1,Word TFIDF Ridge
audio_95.wav,4.0,2.9093,4,Word TFIDF Ridge
audio_732.wav,4.0,3.5499,0,Word TFIDF Ridge
audio_292.wav,5.0,2.81,4,Word TFIDF Ridge
audio_469.wav,2.5,3.6933,4,Word TFIDF Ridge
audio_329.wav,2.0,3.1574,0,Word TFIDF Ridge
audio_169.wav,2.0,2.9703,2,Word TFIDF Ridge
audio_174.wav,2.5,2.8216,3,Word TFIDF Ridge
audio_513.wav,2.5,2.796,0,Word TFIDF Ridge
audio_584.wav,3.0,3.5172,1,Word TFIDF Ridge
audio_345.wav,5.0,3.6039,4,Word TFIDF Ridge
audio_750.wav,4.0,2.8432,2,Word TFIDF Ridge
audio_116.wav,3.0,3.0315,1,Word TFIDF Ridge
audio_114.wav,2.5,3.1966,2,Word TFIDF Ridge
audio_157.wav,3.0,3.8817,0,Word TFIDF Ridge
audio_385.wav,4.5,4.1148,4,Word TFIDF Ridge
audio_264.wav,2.5,2.5154,3,Word TFIDF Ridge
audio_390.wav,5.0,3.7647,0,Word TFIDF Ridge
audio_766.wav,4.5,3.6006,0,Word TFIDF Ridge
audio_571.wav,2.0,2.4302,4,Word TFIDF Ridge
audio_393.wav,4.5,4.1095,1,Word TFIDF Ridge
audio_691.wav,4.0,3.8778,2,Word TFIDF Ridge
