filename,split,exists,readable,duration,sample_rate,channels,has_nan_inf,rms,silence_ratio,clipping_ratio,status
audio_192.wav,train,True,True,60.508,16000,1,False,0.049853,0.4693,0.0,VALID
audio_436.wav,train,True,True,60.075,16000,1,False,0.088254,0.1348,0.0,VALID
audio_447.wav,train,True,True,60.075,16000,1,False,0.074962,0.2776,0.0,VALID
audio_126.wav,train,True,True,45.06,16000,1,False,0.0184,0.4034,0.0,VALID
audio_61.wav,train,True,True,45.3,16000,1,False,0.012945,0.494,0.0,VALID
audio_639.wav,train,True,True,60.075,16000,1,False,0.034571,0.4289,0.0,VALID
audio_703.wav,train,True,True,52.16,16000,1,False,0.04341,0.5006,0.0,VALID
audio_509.wav,train,True,True,60.075,16000,1,False,0.095467,0.2643,0.0,VALID
audio_672.wav,train,True,True,60.075,16000,1,False,0.062984,0.3612,0.0,VALID
audio_344.wav,train,True,True,60.075,16000,1,False,0.074956,0.2381,0.0,VALID
audio_592.wav,train,True,True,60.075,16000,1,False,0.063427,0.4129,0.0,VALID
audio_705.wav,train,True,True,60.075,16000,1,False,0.072949,0.3229,0.0,VALID
audio_497.wav,train,True,True,60.075,16000,1,False,0.032809,0.1177,0.0,VALID
audio_702.wav,train,True,True,60.075,16000,1,False,0.045881,0.544,0.0,VALID
audio_598.wav,train,True,True,60.075,16000,1,False,0.058715,0.1678,0.0,VALID
audio_99.wav,train,True,True,45.06,16000,1,False,0.004646,0.7614,0.0,VALID
audio_194.wav,train,True,True,26.539,16000,1,False,0.054574,0.3679,2e-06,VALID
audio_5055.wav,train,True,True,60.08,16000,1,False,0.081792,0.0,0.0,VALID
audio_178.wav,train,True,True,60.075,16000,1,False,0.074587,0.2184,0.0,VALID
audio_609.wav,train,True,True,45.973,16000,1,False,0.056415,0.3614,1e-06,VALID
audio_77.wav,train,True,True,39.96,16000,1,False,0.046649,0.1506,0.0,VALID
audio_18.wav,train,True,True,45.012,16000,1,False,0.068828,0.2525,0.0,VALID
audio_9.wav,train,True,True,45.06,16000,1,False,0.042767,0.2862,0.0,VALID
audio_138.wav,train,True,True,42.96,16000,1,False,0.057812,0.0,6e-06,VALID
audio_269.wav,train,True,True,60.08,16000,1,False,0.029962,0.4502,0.0,VALID
audio_717.wav,train,True,True,60.075,16000,1,False,0.076171,0.2653,0.0,VALID
audio_529.wav,train,True,True,60.075,16000,1,False,0.04853,0.2264,0.0,VALID
audio_578.wav,train,True,True,60.075,16000,1,False,0.080137,0.2429,0.0,VALID
audio_171.wav,train,True,True,60.08,16000,1,False,0.047371,0.4427,0.0,VALID
audio_596.wav,train,True,True,60.075,16000,1,False,0.062882,0.2429,0.0,VALID
audio_5066.wav,train,True,True,60.075,16000,1,False,0.16026,0.0,0.0,VALID
audio_501.wav,train,True,True,60.075,16000,1,False,0.094702,0.1348,0.0,VALID
audio_8.wav,train,True,True,45.06,16000,1,False,0.0567,0.1591,0.0,VALID
audio_84.wav,train,True,True,45.06,16000,1,False,0.009587,0.505,0.0,VALID
audio_11.wav,train,True,True,42.66,16000,1,False,0.014473,0.4944,0.0,VALID
audio_142.wav,train,True,True,60.08,16000,1,False,0.03024,0.7544,0.0,VALID
audio_610.wav,train,True,True,46.08,16000,1,False,0.060567,0.3056,0.0,VALID
audio_654.wav,train,True,True,60.075,16000,1,False,0.054373,0.374,0.0,VALID
audio_170.wav,train,True,True,60.08,16000,1,False,0.049811,0.2611,0.0,VALID
audio_255.wav,train,True,True,60.08,16000,1,False,0.053886,0.3463,0.0,VALID
audio_162.wav,train,True,True,60.08,16000,1,False,0.052464,0.3479,0.0,VALID
audio_5069.wav,train,True,True,60.075,16000,1,False,0.114312,0.0,0.0,VALID
audio_769.wav,train,True,True,60.075,16000,1,False,0.055861,0.3692,0.0,VALID
audio_720.wav,train,True,True,60.011,16000,1,False,0.074475,0.1995,0.0,VALID
audio_623.wav,train,True,True,60.075,16000,1,False,0.059736,0.309,0.0,VALID
audio_718.wav,train,True,True,60.075,16000,1,False,0.067813,0.26,0.0,VALID
audio_136.wav,train,True,True,45.06,16000,1,False,0.039371,0.0,0.0,VALID
audio_119.wav,train,True,True,45.06,16000,1,False,0.011278,0.218,0.0,VALID
audio_542.wav,train,True,True,60.075,16000,1,False,0.083589,0.269,0.0,VALID
audio_5073.wav,train,True,True,60.075,16000,1,False,0.128264,0.0,0.0,VALID
audio_322.wav,train,True,True,60.075,16000,1,False,0.047922,0.3074,0.0,VALID
audio_5039.wav,train,True,True,60.075,16000,1,False,0.06697,0.0,0.0,VALID
audio_707.wav,train,True,True,60.075,16000,1,False,0.065767,0.2909,0.0,VALID
audio_148.wav,train,True,True,60.08,16000,1,False,0.041588,0.2978,0.0,VALID
audio_316.wav,train,True,True,60.075,16000,1,False,0.086618,0.2499,1e-06,VALID
audio_647.wav,train,True,True,60.075,16000,1,False,0.073061,0.2179,0.0,VALID
audio_286.wav,train,True,True,60.075,16000,1,False,0.056543,0.3969,0.0,VALID
audio_92.wav,train,True,True,41.4,16000,1,False,0.112208,0.2444,6e-06,VALID
audio_462.wav,train,True,True,60.075,16000,1,False,0.062473,0.4832,0.0,VALID
audio_376.wav,train,True,True,45.845,16000,1,False,0.073081,0.28,0.0,VALID
audio_76.wav,train,True,True,45.06,16000,1,False,0.016102,0.4119,0.0,VALID
audio_105.wav,train,True,True,45.06,16000,1,False,0.011639,0.5597,0.0,VALID
audio_355.wav,train,True,True,60.203,16000,1,False,0.050551,0.647,0.0,VALID
audio_663.wav,train,True,True,60.075,16000,1,False,0.04888,0.4113,0.0,VALID
audio_767.wav,train,True,True,60.075,16000,1,False,0.071514,0.3697,0.0,VALID
audio_655.wav,train,True,True,60.075,16000,1,False,0.06917,0.301,0.0,VALID
audio_372.wav,train,True,True,60.011,16000,1,False,0.04951,0.2795,0.0,VALID
audio_667.wav,train,True,True,60.075,16000,1,False,0.073954,0.171,0.0,VALID
audio_517.wav,train,True,True,60.075,16000,1,False,0.040214,0.2072,0.0,VALID
audio_765.wav,train,True,True,60.167,16000,1,False,0.05712,0.3521,0.0,VALID
audio_38.wav,train,True,True,45.06,16000,1,False,0.013653,0.4354,0.0,VALID
audio_371.wav,train,True,True,60.075,16000,1,False,0.049109,0.3218,0.0,VALID
audio_507.wav,train,True,True,60.075,16000,1,False,0.065728,0.3767,0.0,VALID
audio_5056.wav,train,True,True,60.08,16000,1,False,0.096729,0.0,0.0,VALID
audio_282.wav,train,True,True,60.075,16000,1,False,0.06749,0.358,0.0,VALID
audio_459.wav,train,True,True,60.075,16000,1,False,0.09743,0.2349,0.0,VALID
audio_303.wav,train,True,True,60.075,16000,1,False,0.050467,0.3836,0.0,VALID
audio_297.wav,train,True,True,43.755,16000,1,False,0.086776,0.2838,0.0,VALID
audio_432.wav,train,True,True,60.075,16000,1,False,0.093484,0.2445,0.0,VALID
audio_454.wav,train,True,True,60.075,16000,1,False,0.076026,0.2765,0.0,VALID
audio_482.wav,train,True,True,60.075,16000,1,False,0.059527,0.3335,0.0,VALID
audio_484.wav,train,True,True,54.251,16000,1,False,0.062274,0.3965,0.0,VALID
audio_757.wav,train,True,True,60.075,16000,1,False,0.064328,0.342,0.0,VALID
audio_773.wav,train,True,True,60.075,16000,1,False,0.059701,0.6164,0.0,VALID
audio_668.wav,train,True,True,60.075,16000,1,False,0.072581,0.1838,0.0,VALID
audio_240.wav,train,True,True,60.08,16000,1,False,0.011465,0.4816,0.0,VALID
audio_163.wav,train,True,True,60.075,16000,1,False,0.084614,0.3836,0.0,VALID
audio_659.wav,train,True,True,60.075,16000,1,False,0.071874,0.3191,0.0,VALID
audio_532.wav,train,True,True,60.075,16000,1,False,0.101659,0.1305,0.0,VALID
audio_464.wav,train,True,True,60.075,16000,1,False,0.055662,0.544,1e-06,VALID
audio_5.wav,train,True,True,45.06,16000,1,False,0.004504,0.7124,0.0,VALID
audio_231.wav,train,True,True,60.02,16000,1,False,0.075802,0.3232,0.0,VALID
audio_384.wav,train,True,True,60.011,16000,1,False,0.060083,0.2997,1e-06,VALID
audio_54.wav,train,True,True,36.42,16000,1,False,0.014699,0.3286,0.0,VALID
audio_656.wav,train,True,True,60.075,16000,1,False,0.060206,0.3021,0.0,VALID
audio_444.wav,train,True,True,60.075,16000,1,False,0.104683,0.3154,0.0,VALID
audio_5062.wav,train,True,True,61.035,16000,1,False,0.153744,0.0,0.0,VALID
audio_312.wav,train,True,True,60.075,16000,1,False,0.018614,0.0852,0.0,VALID
audio_120.wav,train,True,True,45.0,16000,1,False,0.009456,0.5754,0.0,VALID
audio_446.wav,train,True,True,50.709,16000,1,False,0.086186,0.286,0.0,VALID
audio_546.wav,train,True,True,60.075,16000,1,False,0.094018,0.3548,0.0,VALID
audio_430.wav,train,True,True,60.075,16000,1,False,0.043872,0.1236,0.0,VALID
audio_179.wav,train,True,True,60.075,16000,1,False,0.056064,0.3015,0.0,VALID
audio_674.wav,train,True,True,60.075,16000,1,False,0.080239,0.1625,0.0,VALID
audio_737.wav,train,True,True,60.075,16000,1,False,0.054349,0.4704,0.0,VALID
audio_669.wav,train,True,True,60.075,16000,1,False,0.082944,0.2989,0.0,VALID
audio_540.wav,train,True,True,60.075,16000,1,False,0.067437,0.1273,0.0,VALID
audio_692.wav,train,True,True,44.779,16000,1,False,0.035521,0.0064,0.0,VALID
audio_572.wav,train,True,True,54.848,16000,1,False,0.074286,0.1879,0.0,VALID
audio_479.wav,train,True,True,60.615,16000,1,False,0.053362,0.3516,0.0,VALID
audio_419.wav,train,True,True,60.7,16000,1,False,0.013121,0.5754,0.0,VALID
audio_5037.wav,train,True,True,45.06,16000,1,False,0.126428,0.0,0.0,VALID
audio_433.wav,train,True,True,60.075,16000,1,False,0.076146,0.2131,0.0,VALID
audio_405.wav,train,True,True,60.075,16000,1,False,0.065844,0.341,0.0,VALID
audio_267.wav,train,True,True,60.08,16000,1,False,0.079181,0.4129,0.0,VALID
audio_358.wav,train,True,True,60.075,16000,1,False,0.061422,0.2754,0.0,VALID
audio_331.wav,train,True,True,60.011,16000,1,False,0.053281,0.3301,0.0,VALID
audio_487.wav,train,True,True,60.075,16000,1,False,0.07332,0.2861,1e-06,VALID
audio_494.wav,train,True,True,60.075,16000,1,False,0.064909,0.2845,0.0,VALID
audio_536.wav,train,True,True,54.187,16000,1,False,0.046371,0.4206,0.0,VALID
audio_634.wav,train,True,True,60.075,16000,1,False,0.07015,0.2264,0.0,VALID
audio_317.wav,train,True,True,60.075,16000,1,False,0.061981,0.228,0.0,VALID
audio_5054.wav,train,True,True,58.667,16000,1,False,0.129157,0.0,0.0,VALID
audio_723.wav,train,True,True,60.075,16000,1,False,0.058333,0.2845,0.0,VALID
audio_155.wav,train,True,True,60.08,16000,1,False,0.042839,0.2445,0.0,VALID
audio_410.wav,train,True,True,46.208,16000,1,False,0.078074,0.3511,0.0,VALID
audio_251.wav,train,True,True,20.06,16000,1,False,0.02582,0.3291,0.0,VALID
audio_779.wav,train,True,True,60.075,16000,1,False,0.048952,0.3005,0.0,VALID
audio_382.wav,train,True,True,60.075,16000,1,False,0.062324,0.2829,0.0,VALID
audio_559.wav,train,True,True,60.075,16000,1,False,0.051518,0.5956,0.0,VALID
audio_161.wav,train,True,True,60.08,16000,1,False,0.032111,0.7027,0.0,VALID
audio_535.wav,train,True,True,60.075,16000,1,False,0.066644,0.1966,0.0,VALID
audio_363.wav,train,True,True,44.117,16000,1,False,0.05729,0.4267,0.0,VALID
audio_5057.wav,train,True,True,60.075,16000,1,False,0.127552,0.0,0.0,VALID
audio_660.wav,train,True,True,60.075,16000,1,False,0.065024,0.2669,0.0,VALID
audio_293.wav,train,True,True,60.075,16000,1,False,0.039049,0.3111,0.0,VALID
audio_74.wav,train,True,True,45.06,16000,1,False,0.07611,0.3246,0.0,VALID
audio_215.wav,train,True,True,60.075,16000,1,False,0.10167,0.179,0.0,VALID
audio_228.wav,train,True,True,60.231,16000,1,False,0.043623,0.483,0.0,VALID
audio_602.wav,train,True,True,60.011,16000,1,False,0.047349,0.1621,0.0,VALID
audio_396.wav,train,True,True,60.075,16000,1,False,0.052092,0.3383,0.0,VALID
audio_576.wav,train,True,True,60.075,16000,1,False,0.064988,0.2834,0.0,VALID
audio_5040.wav,train,True,True,60.075,16000,1,False,0.09042,0.0,0.0,VALID
audio_198.wav,train,True,True,60.011,16000,1,False,0.046829,0.4091,0.0,VALID
audio_600.wav,train,True,True,60.075,16000,1,False,0.056084,0.0858,0.0,VALID
audio_710.wav,train,True,True,60.075,16000,1,False,0.061603,0.4912,0.0,VALID
audio_246.wav,train,True,True,60.08,16000,1,False,0.039459,0.3229,0.0,VALID
audio_490.wav,train,True,True,60.075,16000,1,False,0.085154,0.0788,0.0,VALID
audio_657.wav,train,True,True,60.075,16000,1,False,0.060873,0.2685,0.0,VALID
audio_688.wav,train,True,True,61.035,16000,1,False,0.044935,0.5611,0.0,VALID
audio_698.wav,train,True,True,60.075,16000,1,False,0.064917,0.3676,0.0,VALID
audio_499.wav,train,True,True,60.075,16000,1,False,0.055244,0.5162,0.0,VALID
audio_463.wav,train,True,True,60.075,16000,1,False,0.054242,0.5147,0.0,VALID
audio_604.wav,train,True,True,60.075,16000,1,False,0.069409,0.1103,0.0,VALID
audio_97.wav,train,True,True,45.06,16000,1,False,0.020334,0.2699,0.0,VALID
audio_234.wav,train,True,True,60.08,16000,1,False,0.05536,0.4299,0.0,VALID
audio_782.wav,train,True,True,60.7,16000,1,False,0.058576,0.346,0.0,VALID
audio_758.wav,train,True,True,55.637,16000,1,False,0.045242,0.4776,0.0,VALID
audio_727.wav,train,True,True,60.075,16000,1,False,0.071458,0.3239,0.0,VALID
audio_643.wav,train,True,True,60.075,16000,1,False,0.036798,0.6974,0.0,VALID
audio_261.wav,train,True,True,60.02,16000,1,False,0.038112,0.3765,0.0,VALID
audio_205.wav,train,True,True,60.075,16000,1,False,0.074696,0.2994,0.0,VALID
audio_128.wav,train,True,True,45.06,16000,1,False,0.007076,0.4219,0.0,VALID
audio_650.wav,train,True,True,61.035,16000,1,False,0.082024,0.3199,0.0,VALID
audio_35.wav,train,True,True,45.06,16000,1,False,0.043196,0.3984,0.0,VALID
audio_141.wav,train,True,True,60.08,16000,1,False,0.035153,0.6276,0.0,VALID
audio_260.wav,train,True,True,60.08,16000,1,False,0.041328,0.4342,0.0,VALID
audio_722.wav,train,True,True,60.011,16000,1,False,0.06238,0.2608,0.0,VALID
audio_5047.wav,train,True,True,58.624,16000,1,False,0.136506,0.0,0.0,VALID
audio_324.wav,train,True,True,60.075,16000,1,False,0.061092,0.1929,0.0,VALID
audio_279.wav,train,True,True,60.075,16000,1,False,0.064361,0.3165,0.0,VALID
audio_450.wav,train,True,True,49.621,16000,1,False,0.065942,0.2813,0.0,VALID
audio_32.wav,train,True,True,43.14,16000,1,False,0.064297,0.178,0.0,VALID
audio_254.wav,train,True,True,60.08,16000,1,False,0.047566,0.5301,0.0,VALID
audio_544.wav,train,True,True,60.075,16000,1,False,0.075538,0.5669,0.0,VALID
audio_176.wav,train,True,True,60.02,16000,1,False,0.051907,0.3707,0.0,VALID
audio_301.wav,train,True,True,60.075,16000,1,False,0.013659,0.0677,0.0,VALID
audio_213.wav,train,True,True,60.075,16000,1,False,0.08984,0.3005,0.0,VALID
audio_295.wav,train,True,True,60.075,16000,1,False,0.051337,0.4278,0.0,VALID
audio_40.wav,train,True,True,45.06,16000,1,False,0.012292,0.5291,0.0,VALID
audio_496.wav,train,True,True,60.075,16000,1,False,0.043948,0.1263,0.0,VALID
audio_45.wav,train,True,True,38.88,16000,1,False,0.011328,0.4774,0.0,VALID
audio_146.wav,train,True,True,60.08,16000,1,False,0.042265,0.3218,0.0,VALID
audio_415.wav,train,True,True,43.989,16000,1,False,0.059112,0.4978,0.0,VALID
audio_595.wav,train,True,True,60.075,16000,1,False,0.064691,0.3314,0.0,VALID
audio_783.wav,train,True,True,60.011,16000,1,False,0.071941,0.3093,0.0,VALID
audio_673.wav,train,True,True,60.075,16000,1,False,0.043985,0.4987,0.0,VALID
audio_48.wav,train,True,True,45.06,16000,1,False,0.030327,0.3615,0.0,VALID
audio_777.wav,train,True,True,60.075,16000,1,False,0.064905,0.4331,0.0,VALID
audio_330.wav,train,True,True,60.181,16000,1,False,0.045773,0.4399,0.0,VALID
audio_200.wav,train,True,True,60.075,16000,1,False,0.042015,0.4923,0.0,VALID
audio_259.wav,train,True,True,60.08,16000,1,False,0.040877,0.545,0.0,VALID
audio_721.wav,train,True,True,60.075,16000,1,False,0.050909,0.406,0.0,VALID
audio_223.wav,train,True,True,57.963,16000,1,False,0.045446,0.3462,0.0,VALID
audio_175.wav,train,True,True,60.08,16000,1,False,0.04721,0.2291,0.0,VALID
audio_400.wav,train,True,True,34.325,16000,1,False,0.060023,0.4729,0.0,VALID
audio_506.wav,train,True,True,60.075,16000,1,False,0.066431,0.2712,0.0,VALID
audio_153.wav,train,True,True,60.075,16000,1,False,0.071326,0.4358,0.0,VALID
audio_5050.wav,train,True,True,60.075,16000,1,False,0.13037,0.0,0.0,VALID
audio_281.wav,train,True,True,60.075,16000,1,False,0.046496,0.5035,0.0,VALID
audio_543.wav,train,True,True,60.075,16000,1,False,0.080158,0.2254,0.0,VALID
audio_445.wav,train,True,True,60.075,16000,1,False,0.082125,0.2493,0.0,VALID
audio_124.wav,train,True,True,45.0,16000,1,False,0.025904,0.3314,0.0,VALID
audio_249.wav,train,True,True,20.84,16000,1,False,0.012704,0.6651,0.0,VALID
audio_420.wav,train,True,True,60.075,16000,1,False,0.106887,0.2861,0.0,VALID
audio_203.wav,train,True,True,60.075,16000,1,False,0.057021,0.4523,0.0,VALID
audio_278.wav,train,True,True,40.875,16000,1,False,0.07521,0.4526,0.0,VALID
audio_516.wav,train,True,True,60.075,16000,1,False,0.064473,0.2445,0.0,VALID
audio_326.wav,train,True,True,25.344,16000,1,False,0.070167,0.1944,0.0,VALID
audio_603.wav,train,True,True,60.075,16000,1,False,0.077891,0.1668,0.0,VALID
audio_199.wav,train,True,True,60.075,16000,1,False,0.046845,0.4427,0.0,VALID
audio_406.wav,train,True,True,55.637,16000,1,False,0.058898,0.4672,0.0,VALID
audio_538.wav,train,True,True,60.075,16000,1,False,0.057582,0.2722,0.0,VALID
audio_631.wav,train,True,True,54.379,16000,1,False,0.070394,0.3637,0.0,VALID
audio_5061.wav,train,True,True,60.075,16000,1,False,0.137087,0.0,0.0,VALID
audio_196.wav,train,True,True,26.475,16000,1,False,0.057208,0.4341,0.0,VALID
audio_756.wav,train,True,True,60.075,16000,1,False,0.061829,0.334,0.0,VALID
audio_649.wav,train,True,True,61.035,16000,1,False,0.072975,0.3382,0.0,VALID
audio_27.wav,train,True,True,45.0,16000,1,False,0.009714,0.5284,0.0,VALID
audio_681.wav,train,True,True,60.075,16000,1,False,0.055171,0.5365,0.0,VALID
audio_556.wav,train,True,True,60.075,16000,1,False,0.065749,0.561,2e-06,VALID
audio_185.wav,train,True,True,60.075,16000,1,False,0.049058,0.5525,0.0,VALID
audio_369.wav,train,True,True,60.011,16000,1,False,0.063044,0.2091,0.0,VALID
audio_241.wav,train,True,True,60.08,16000,1,False,0.050647,0.2488,0.0,VALID
audio_98.wav,train,True,True,45.06,16000,1,False,0.024324,0.6158,0.0,VALID
audio_389.wav,train,True,True,60.075,16000,1,False,0.066962,0.2392,0.0,VALID
audio_357.wav,train,True,True,60.075,16000,1,False,0.04408,0.5647,0.0,VALID
audio_112.wav,train,True,True,45.06,16000,1,False,0.041483,0.3047,0.0,VALID
audio_675.wav,train,True,True,60.075,16000,1,False,0.090079,0.1817,0.0,VALID
audio_113.wav,train,True,True,45.06,16000,1,False,0.017811,0.4077,0.0,VALID
audio_483.wav,train,True,True,60.075,16000,1,False,0.082328,0.3063,0.0,VALID
audio_474.wav,train,True,True,60.075,16000,1,False,0.038613,0.2397,0.0,VALID
audio_725.wav,train,True,True,58.923,16000,1,False,0.068965,0.3873,0.0,VALID
audio_774.wav,train,True,True,60.075,16000,1,False,0.068026,0.5296,0.0,VALID
audio_588.wav,train,True,True,60.075,16000,1,False,0.072544,0.4555,0.0,VALID
audio_395.wav,train,True,True,60.075,16000,1,False,0.079599,0.1657,0.0,VALID
audio_210.wav,train,True,True,60.075,16000,1,False,0.104195,0.1572,1e-06,VALID
audio_309.wav,train,True,True,61.035,16000,1,False,0.055519,0.3734,0.0,VALID
audio_457.wav,train,True,True,60.075,16000,1,False,0.078487,0.2467,0.0,VALID
audio_492.wav,train,True,True,60.075,16000,1,False,0.077751,0.1241,0.0,VALID
audio_738.wav,train,True,True,61.035,16000,1,False,0.07578,0.5595,0.0,VALID
audio_305.wav,train,True,True,60.075,16000,1,False,0.060683,0.4044,0.0,VALID
audio_123.wav,train,True,True,45.06,16000,1,False,0.012302,0.0966,0.0,VALID
audio_5053.wav,train,True,True,60.08,16000,1,False,0.0907,0.0,0.0,VALID
audio_89.wav,train,True,True,42.54,16000,1,False,0.008419,0.62,0.0,VALID
audio_747.wav,train,True,True,60.075,16000,1,False,0.056958,0.3271,0.0,VALID
audio_115.wav,train,True,True,45.06,16000,1,False,0.025542,0.0071,0.0,VALID
audio_235.wav,train,True,True,60.04,16000,1,False,0.042178,0.4696,0.0,VALID
audio_414.wav,train,True,True,60.075,16000,1,False,0.055987,0.2536,0.0,VALID
audio_56.wav,train,True,True,45.06,16000,1,False,0.056951,0.0007,0.0,VALID
audio_43.wav,train,True,True,45.12,16000,1,False,0.01127,0.2461,0.0,VALID
audio_394.wav,train,True,True,60.075,16000,1,False,0.058483,0.3543,0.0,VALID
audio_423.wav,train,True,True,60.075,16000,1,False,0.077043,0.2254,0.0,VALID
audio_579.wav,train,True,True,60.011,16000,1,False,0.051716,0.4411,0.0,VALID
audio_172.wav,train,True,True,60.075,16000,1,False,0.074196,0.3697,0.0,VALID
audio_144.wav,train,True,True,60.08,16000,1,False,0.03558,0.1886,0.0,VALID
audio_151.wav,train,True,True,59.947,16000,1,False,0.090149,0.4447,0.0,VALID
audio_65.wav,train,True,True,60.06,16000,1,False,0.026929,0.532,0.0,VALID
audio_481.wav,train,True,True,60.658,16000,1,False,0.058703,0.3863,0.0,VALID
audio_262.wav,train,True,True,60.08,16000,1,False,0.046782,0.276,0.0,VALID
audio_229.wav,train,True,True,46.571,16000,1,False,0.045523,0.3567,0.0,VALID
audio_22.wav,train,True,True,45.06,16000,1,False,0.019867,0.3452,0.0,VALID
audio_434.wav,train,True,True,60.075,16000,1,False,0.122921,0.1428,0.0,VALID
audio_488.wav,train,True,True,60.075,16000,1,False,0.056573,0.1875,0.0,VALID
audio_439.wav,train,True,True,60.075,16000,1,False,0.05684,0.4449,1e-06,VALID
audio_160.wav,train,True,True,60.08,16000,1,False,0.052136,0.3586,0.0,VALID
audio_594.wav,train,True,True,60.075,16000,1,False,0.060938,0.2653,0.0,VALID
audio_651.wav,train,True,True,61.035,16000,1,False,0.056278,0.4127,0.0,VALID
audio_569.wav,train,True,True,60.075,16000,1,False,0.055068,0.4097,0.0,VALID
audio_440.wav,train,True,True,60.075,16000,1,False,0.06603,0.3681,0.0,VALID
audio_658.wav,train,True,True,60.075,16000,1,False,0.068417,0.2658,0.0,VALID
audio_274.wav,train,True,True,39.061,16000,1,False,0.071061,0.5041,0.0,VALID
audio_5065.wav,train,True,True,60.075,16000,1,False,0.107857,0.0,0.0,VALID
audio_158.wav,train,True,True,60.08,16000,1,False,0.07149,0.1827,0.0,VALID
audio_493.wav,train,True,True,60.075,16000,1,False,0.061319,0.3149,0.0,VALID
audio_646.wav,train,True,True,60.075,16000,1,False,0.069713,0.1843,0.0,VALID
audio_64.wav,train,True,True,60.06,16000,1,False,0.052883,0.2223,0.0,VALID
audio_451.wav,train,True,True,59.584,16000,1,False,0.036721,0.5258,2e-06,VALID
audio_277.wav,train,True,True,60.075,16000,1,False,0.072909,0.2536,0.0,VALID
audio_491.wav,train,True,True,60.075,16000,1,False,0.06338,0.2195,0.0,VALID
audio_52.wav,train,True,True,45.06,16000,1,False,0.053362,0.1023,0.0,VALID
audio_743.wav,train,True,True,24.128,16000,1,False,0.009276,0.7175,0.0,VALID
audio_243.wav,train,True,True,60.08,16000,1,False,0.041194,0.5487,0.0,VALID
audio_661.wav,train,True,True,60.075,16000,1,False,0.076763,0.3895,0.0,VALID
audio_456.wav,train,True,True,60.075,16000,1,False,0.082788,0.2792,0.0,VALID
audio_90.wav,train,True,True,39.3,16000,1,False,0.016259,0.3607,0.0,VALID
audio_735.wav,train,True,True,60.075,16000,1,False,0.022662,0.6915,0.0,VALID
audio_775.wav,train,True,True,60.075,16000,1,False,0.07102,0.3708,0.0,VALID
audio_587.wav,train,True,True,60.075,16000,1,False,0.098363,0.3495,0.0,VALID
audio_103.wav,train,True,True,45.06,16000,1,False,0.015221,0.4091,0.0,VALID
audio_111.wav,train,True,True,44.64,16000,1,False,0.029797,0.4108,0.0,VALID
audio_421.wav,train,True,True,60.075,16000,1,False,0.094081,0.3484,0.0,VALID
audio_683.wav,train,True,True,60.075,16000,1,False,0.056672,0.2056,0.0,VALID
audio_152.wav,train,True,True,60.075,16000,1,False,0.073592,0.4635,0.0,VALID
audio_134.wav,train,True,True,45.0,16000,1,False,0.094485,0.0,0.0,VALID
audio_12.wav,train,True,True,45.06,16000,1,False,0.029869,0.0064,0.0,VALID
audio_232.wav,train,True,True,60.03,16000,1,False,0.066413,0.3653,0.0,VALID
audio_36.wav,train,True,True,45.06,16000,1,False,0.016772,0.4602,0.0,VALID
audio_268.wav,train,True,True,60.08,16000,1,False,0.046823,0.4507,0.0,VALID
audio_68.wav,train,True,True,59.16,16000,1,False,0.054362,0.0254,0.0,VALID
audio_729.wav,train,True,True,60.075,16000,1,False,0.0779,0.5162,0.0,VALID
audio_247.wav,train,True,True,51.56,16000,1,False,0.039765,0.3637,0.0,VALID
audio_224.wav,train,True,True,52.096,16000,1,False,0.039712,0.5633,0.0,VALID
audio_425.wav,train,True,True,60.075,16000,1,False,0.117077,0.1588,0.0,VALID
audio_392.wav,train,True,True,60.139,16000,1,False,0.059893,0.2113,0.0,VALID
audio_615.wav,train,True,True,60.075,16000,1,False,0.078804,0.2776,0.0,VALID
audio_245.wav,train,True,True,60.08,16000,1,False,0.047316,0.3191,0.0,VALID
audio_271.wav,train,True,True,60.08,16000,1,False,0.039826,0.5328,0.0,VALID
audio_321.wav,train,True,True,60.075,16000,1,False,0.050911,0.4145,0.0,VALID
audio_5043.wav,train,True,True,60.075,16000,1,False,0.124464,0.0,0.0,VALID
audio_187.wav,train,True,True,60.075,16000,1,False,0.09835,0.2291,0.0,VALID
audio_221.wav,train,True,True,60.075,16000,1,False,0.085671,0.3479,0.0,VALID
audio_219.wav,train,True,True,60.075,16000,1,False,0.058956,0.3873,0.0,VALID
audio_601.wav,train,True,True,60.075,16000,1,False,0.048742,0.0858,0.0,VALID
audio_100.wav,train,True,True,45.06,16000,1,False,0.016676,0.4496,0.0,VALID
audio_227.wav,train,True,True,55.275,16000,1,False,0.051972,0.2409,1e-06,VALID
audio_411.wav,train,True,True,60.075,16000,1,False,0.059676,0.4438,0.0,VALID
audio_28.wav,train,True,True,44.095,16000,1,False,0.057729,0.2367,0.0,VALID
audio_653.wav,train,True,True,60.075,16000,1,False,0.055274,0.5248,0.0,VALID
audio_29.wav,train,True,True,45.06,16000,1,False,0.068504,0.0,0.0,VALID
audio_470.wav,train,True,True,60.075,16000,1,False,0.06597,0.3527,0.0,VALID
audio_356.wav,train,True,True,59.115,16000,1,False,0.062562,0.314,0.0,VALID
audio_365.wav,train,True,True,60.075,16000,1,False,0.074921,0.3964,1e-06,VALID
audio_58.wav,train,True,True,45.06,16000,1,False,0.030069,0.4261,0.0,VALID
audio_708.wav,train,True,True,60.075,16000,1,False,0.076452,0.4124,0.0,VALID
audio_319.wav,train,True,True,60.075,16000,1,False,0.073098,0.2914,1e-06,VALID
audio_5067.wav,train,True,True,44.927,16000,1,False,0.135983,0.0,0.0,VALID
audio_135.wav,train,True,True,45.06,16000,1,False,0.037963,0.2834,0.0,VALID
audio_612.wav,train,True,True,52.757,16000,1,False,0.072696,0.4897,0.0,VALID
audio_373.wav,train,True,True,60.011,16000,1,False,0.068915,0.2981,0.0,VALID
audio_680.wav,train,True,True,60.075,16000,1,False,0.057552,0.4704,0.0,VALID
audio_63.wav,train,True,True,45.012,16000,1,False,0.064619,0.2162,0.0,VALID
audio_700.wav,train,True,True,60.075,16000,1,False,0.079815,0.3021,0.0,VALID
audio_429.wav,train,True,True,60.075,16000,1,False,0.074271,0.3271,0.0,VALID
audio_745.wav,train,True,True,61.035,16000,1,False,0.095254,0.2108,0.0,VALID
audio_731.wav,train,True,True,60.011,16000,1,False,0.073153,0.6176,0.0,VALID
audio_461.wav,train,True,True,60.075,16000,1,False,0.075313,0.2509,0.0,VALID
audio_79.wav,train,True,True,45.06,16000,1,False,0.021314,0.4382,0.0,VALID
audio_5038.wav,train,True,True,60.075,16000,1,False,0.141381,0.0,0.0,VALID
audio_760.wav,train,True,True,60.075,16000,1,False,0.061898,0.2477,0.0,VALID
audio_72.wav,train,True,True,45.06,16000,1,False,0.027073,0.343,0.0,VALID
audio_696.wav,train,True,True,60.075,16000,1,False,0.088444,0.2994,0.0,VALID
audio_744.wav,train,True,True,44.651,16000,1,False,0.032476,0.5771,0.0,VALID
audio_662.wav,train,True,True,60.075,16000,1,False,0.067029,0.3617,0.0,VALID
audio_570.wav,train,True,True,60.075,16000,1,False,0.062644,0.2461,0.0,VALID
audio_10.wav,train,True,True,36.12,16000,1,False,0.036974,0.398,0.0,VALID
audio_628.wav,train,True,True,60.075,16000,1,False,0.061309,0.2989,0.0,VALID
audio_606.wav,train,True,True,60.075,16000,1,False,0.071155,0.2872,0.0,VALID
audio_73.wav,train,True,True,45.06,16000,1,False,0.144175,0.0675,9e-05,VALID
audio_605.wav,train,True,True,60.075,16000,1,False,0.068069,0.3495,0.0,VALID
audio_106.wav,train,True,True,45.06,16000,1,False,0.028974,0.4801,0.0,VALID
audio_306.wav,train,True,True,60.011,16000,1,False,0.045156,0.3957,0.0,VALID
audio_75.wav,train,True,True,45.06,16000,1,False,0.022127,0.3523,0.0,VALID
audio_550.wav,train,True,True,60.075,16000,1,False,0.055643,0.1865,0.0,VALID
audio_340.wav,train,True,True,60.075,16000,1,False,0.043081,0.4262,0.0,VALID
audio_272.wav,train,True,True,46.336,16000,1,False,0.078337,0.4109,0.0,VALID
audio_518.wav,train,True,True,60.075,16000,1,False,0.076027,0.2035,0.0,VALID
audio_34.wav,train,True,True,43.74,16000,1,False,0.087439,0.0952,1e-06,VALID
audio_87.wav,train,True,True,45.0,16000,1,False,0.059883,0.3058,4e-06,VALID
audio_211.wav,train,True,True,61.035,16000,1,False,0.081275,0.1862,0.0,VALID
audio_431.wav,train,True,True,60.075,16000,1,False,0.083348,0.2579,0.0,VALID
audio_555.wav,train,True,True,60.075,16000,1,False,0.069576,0.3479,0.0,VALID
audio_648.wav,train,True,True,60.075,16000,1,False,0.059312,0.2834,0.0,VALID
audio_5051.wav,train,True,True,60.075,16000,1,False,0.082545,0.0,0.0,VALID
audio_422.wav,train,True,True,60.075,16000,1,False,0.072179,0.3069,0.0,VALID
audio_627.wav,train,True,True,60.075,16000,1,False,0.080484,0.2643,0.0,VALID
audio_122.wav,train,True,True,45.0,16000,1,False,0.01096,0.4651,0.0,VALID
audio_88.wav,train,True,True,45.06,16000,1,False,0.102811,0.1506,9.7e-05,VALID
audio_165.wav,train,True,True,60.075,16000,1,False,0.078903,0.366,0.0,VALID
audio_276.wav,train,True,True,60.075,16000,1,False,0.06939,0.2776,0.0,VALID
audio_746.wav,train,True,True,61.035,16000,1,False,0.099043,0.1935,0.0,VALID
audio_252.wav,train,True,True,60.08,16000,1,False,0.040157,0.5605,0.0,VALID
audio_266.wav,train,True,True,60.08,16000,1,False,0.028036,0.6185,0.0,VALID
audio_611.wav,train,True,True,60.011,16000,1,False,0.045182,0.5173,0.0,VALID
audio_5058.wav,train,True,True,60.075,16000,1,False,0.090123,0.0,0.0,VALID
audio_81.wav,train,True,True,45.0,16000,1,False,0.058143,0.2895,0.0,VALID
audio_3.wav,train,True,True,44.88,16000,1,False,0.016248,0.5057,0.0,VALID
audio_21.wav,train,True,True,45.06,16000,1,False,0.032575,0.3494,0.0,VALID
audio_190.wav,train,True,True,60.551,16000,1,False,0.04915,0.4228,0.0,VALID
audio_189.wav,train,True,True,60.02,16000,1,False,0.066759,0.3355,0.0,VALID
audio_519.wav,train,True,True,60.075,16000,1,False,0.063015,0.2893,0.0,VALID
audio_748.wav,train,True,True,60.075,16000,1,False,0.062505,0.3719,0.0,VALID
audio_505.wav,train,True,True,60.075,16000,1,False,0.060706,0.3372,0.0,VALID
audio_361.wav,train,True,True,60.075,16000,1,False,0.035523,0.6883,0.0,VALID
audio_5052.wav,train,True,True,60.075,16000,1,False,0.133652,0.0,0.0,VALID
audio_16.wav,train,True,True,44.28,16000,1,False,0.015266,0.3116,0.0,VALID
audio_327.wav,train,True,True,60.075,16000,1,False,0.05665,0.3586,0.0,VALID
audio_313.wav,train,True,True,60.075,16000,1,False,0.05243,0.3548,0.0,VALID
audio_589.wav,train,True,True,60.075,16000,1,False,0.047244,0.2126,0.0,VALID
audio_416.wav,train,True,True,60.075,16000,1,False,0.084766,0.2936,0.0,VALID
audio_762.wav,train,True,True,60.167,16000,1,False,0.063699,0.2569,0.0,VALID
audio_714.wav,train,True,True,60.075,16000,1,False,0.028758,0.6233,0.0,VALID
audio_455.wav,train,True,True,60.075,16000,1,False,0.06883,0.4289,0.0,VALID
audio_42.wav,train,True,True,38.46,16000,1,False,0.009993,0.4688,0.0,VALID
audio_561.wav,train,True,True,60.075,16000,1,False,0.06176,0.3617,0.0,VALID
audio_226.wav,train,True,True,60.188,16000,1,False,0.039541,0.4957,0.0,VALID
audio_110.wav,train,True,True,45.06,16000,1,False,0.043172,0.419,0.0,VALID
audio_739.wav,train,True,True,61.035,16000,1,False,0.058147,0.3372,0.0,VALID
audio_504.wav,train,True,True,60.075,16000,1,False,0.078495,0.301,0.0,VALID
audio_379.wav,train,True,True,60.075,16000,1,False,0.040778,0.334,0.0,VALID
audio_520.wav,train,True,True,60.075,16000,1,False,0.038963,0.1801,0.0,VALID
audio_5068.wav,train,True,True,60.075,16000,1,False,0.125188,0.0,0.0,VALID
audio_30.wav,train,True,True,44.64,16000,1,False,0.072655,0.162,0.0,VALID
audio_5041.wav,train,True,True,60.08,16000,1,False,0.139807,0.0,0.0,VALID
audio_485.wav,train,True,True,60.075,16000,1,False,0.05415,0.1689,0.0,VALID
audio_475.wav,train,True,True,61.035,16000,1,False,0.035227,0.2323,0.0,VALID
audio_145.wav,train,True,True,60.08,16000,1,False,0.037055,0.2845,0.0,VALID
audio_308.wav,train,True,True,60.075,16000,1,False,0.049731,0.3415,0.0,VALID
audio_184.wav,train,True,True,60.075,16000,1,False,0.068834,0.3554,0.0,VALID
audio_586.wav,train,True,True,60.075,16000,1,False,0.08499,0.3351,0.0,VALID
audio_398.wav,train,True,True,60.075,16000,1,False,0.061994,0.35,0.0,VALID
audio_726.wav,train,True,True,58.389,16000,1,False,0.070969,0.3103,0.0,VALID
audio_466.wav,train,True,True,60.075,16000,1,False,0.101308,0.3181,0.0,VALID
audio_218.wav,train,True,True,60.075,16000,1,False,0.061551,0.4614,0.0,VALID
audio_644.wav,train,True,True,58.261,16000,1,False,0.042688,0.456,0.0,VALID
audio_351.wav,train,True,True,60.224,16000,1,False,0.043006,0.6015,1e-06,VALID
audio_248.wav,train,True,True,36.32,16000,1,False,0.032462,0.4256,0.0,VALID
audio_83.wav,train,True,True,45.06,16000,1,False,0.015059,0.4716,0.0,VALID
audio_71.wav,train,True,True,45.06,16000,1,False,0.01321,0.4382,0.0,VALID
audio_287.wav,train,True,True,60.075,16000,1,False,0.060471,0.3623,0.0,VALID
audio_367.wav,train,True,True,60.224,16000,1,False,0.035517,0.7242,0.0,VALID
audio_166.wav,train,True,True,60.075,16000,1,False,0.076155,0.4678,0.0,VALID
audio_94.wav,train,True,True,45.06,16000,1,False,0.017831,0.9418,0.0,VALID
audio_108.wav,train,True,True,45.06,16000,1,False,0.031038,0.0014,0.0,VALID
audio_511.wav,train,True,True,60.075,16000,1,False,0.073501,0.3143,0.0,VALID
audio_5059.wav,train,True,True,60.011,16000,1,False,0.114346,0.0,0.0,VALID
audio_310.wav,train,True,True,44.224,16000,1,False,0.062859,0.2938,0.0,VALID
audio_50.wav,train,True,True,45.12,16000,1,False,0.008118,0.4191,0.0,VALID
audio_6.wav,train,True,True,45.06,16000,1,False,0.016165,0.5263,0.0,VALID
audio_515.wav,train,True,True,60.075,16000,1,False,0.072787,0.2376,0.0,VALID
audio_742.wav,train,True,True,50.048,16000,1,False,0.039034,0.5601,0.0,VALID
audio_545.wav,train,True,True,60.075,16000,1,False,0.077989,0.35,0.0,VALID
audio_489.wav,train,True,True,60.075,16000,1,False,0.070691,0.284,2e-06,VALID
audio_697.wav,train,True,True,60.075,16000,1,False,0.088447,0.2829,0.0,VALID
audio_225.wav,train,True,True,60.167,16000,1,False,0.048815,0.3319,0.0,VALID
audio_553.wav,train,True,True,60.075,16000,1,False,0.062642,0.4012,0.0,VALID
audio_237.wav,train,True,True,53.2,16000,1,False,0.04483,0.4302,0.0,VALID
audio_197.wav,train,True,True,60.075,16000,1,False,0.060359,0.4363,0.0,VALID
audio_449.wav,train,True,True,60.075,16000,1,False,0.068119,0.2397,0.0,VALID
audio_567.wav,train,True,True,60.075,16000,1,False,0.068888,0.2467,0.0,VALID
audio_477.wav,train,True,True,60.075,16000,1,False,0.075712,0.3926,0.0,VALID
audio_728.wav,train,True,True,45.483,16000,1,False,0.054924,0.4046,0.0,VALID
audio_377.wav,train,True,True,59.221,16000,1,False,0.042075,0.5443,0.0,VALID
audio_633.wav,train,True,True,60.075,16000,1,False,0.067101,0.2866,0.0,VALID
audio_690.wav,train,True,True,45.845,16000,1,False,0.080224,0.3918,0.0,VALID
audio_525.wav,train,True,True,60.075,16000,1,False,0.093811,0.2701,0.0,VALID
audio_31.wav,train,True,True,43.62,16000,1,False,0.013736,0.4703,0.0,VALID
audio_676.wav,train,True,True,60.075,16000,1,False,0.076381,0.2376,0.0,VALID
audio_263.wav,train,True,True,60.02,16000,1,False,0.04619,0.3733,0.0,VALID
audio_5070.wav,train,True,True,60.075,16000,1,False,0.107993,0.0,0.0,VALID
audio_510.wav,train,True,True,60.075,16000,1,False,0.09237,0.3255,0.0,VALID
audio_577.wav,train,True,True,60.075,16000,1,False,0.082152,0.5322,1e-06,VALID
audio_230.wav,train,True,True,55.573,16000,1,False,0.052787,0.2886,1e-06,VALID
audio_314.wav,train,True,True,60.075,16000,1,False,0.0453,0.4859,0.0,VALID
audio_641.wav,train,True,True,60.011,16000,1,False,0.04924,0.6011,0.0,VALID
audio_689.wav,train,True,True,51.499,16000,1,False,0.061358,0.2828,0.0,VALID
audio_352.wav,train,True,True,60.075,16000,1,False,0.052391,0.2882,0.0,VALID
audio_193.wav,train,True,True,23.659,16000,1,False,0.065524,0.3031,0.0,VALID
audio_5049.wav,train,True,True,60.075,16000,1,False,0.138181,0.0,0.0,VALID
audio_300.wav,train,True,True,60.075,16000,1,False,0.060728,0.2009,0.0,VALID
audio_581.wav,train,True,True,60.075,16000,1,False,0.045989,0.7246,0.0,VALID
audio_164.wav,train,True,True,60.075,16000,1,False,0.079735,0.5003,0.0,VALID
audio_502.wav,train,True,True,60.075,16000,1,False,0.082317,0.1167,0.0,VALID
audio_380.wav,train,True,True,58.667,16000,1,False,0.07447,0.2455,0.0,VALID
audio_15.wav,train,True,True,43.32,16000,1,False,0.017087,0.2432,0.0,VALID
audio_238.wav,train,True,True,27.62,16000,1,False,0.07664,0.2897,0.0,VALID
audio_53.wav,train,True,True,39.42,16000,1,False,0.026425,0.2827,0.0,VALID
audio_283.wav,train,True,True,27.797,16000,1,False,0.056015,0.2846,0.0,VALID
audio_614.wav,train,True,True,60.075,16000,1,False,0.072937,0.1977,0.0,VALID
audio_121.wav,train,True,True,45.06,16000,1,False,0.067119,0.3118,0.0,VALID
audio_216.wav,train,True,True,60.075,16000,1,False,0.075258,0.2488,4e-06,VALID
audio_552.wav,train,True,True,60.075,16000,1,False,0.080665,0.3191,0.0,VALID
audio_514.wav,train,True,True,60.075,16000,1,False,0.070516,0.4118,0.0,VALID
audio_593.wav,train,True,True,60.075,16000,1,False,0.076432,0.2952,0.0,VALID
audio_565.wav,train,True,True,60.075,16000,1,False,0.06952,0.2616,0.0,VALID
audio_140.wav,train,True,True,60.08,16000,1,False,0.041453,0.5248,0.0,VALID
audio_117.wav,train,True,True,45.06,16000,1,False,0.031339,0.3707,0.0,VALID
audio_495.wav,train,True,True,60.075,16000,1,False,0.088127,0.1982,0.0,VALID
audio_652.wav,train,True,True,60.075,16000,1,False,0.047553,0.5152,0.0,VALID
audio_645.wav,train,True,True,48.96,16000,1,False,0.036416,0.4007,0.0,VALID
audio_242.wav,train,True,True,60.08,16000,1,False,0.04374,0.5807,0.0,VALID
audio_4.wav,train,True,True,45.06,16000,1,False,0.011331,0.5291,0.0,VALID
audio_93.wav,train,True,True,45.06,16000,1,False,0.012367,0.5462,0.0,VALID
audio_582.wav,train,True,True,60.075,16000,1,False,0.049415,0.7714,0.0,VALID
audio_222.wav,train,True,True,58.923,16000,1,False,0.0507,0.3677,0.0,VALID
audio_5042.wav,train,True,True,60.075,16000,1,False,0.120877,0.0,0.0,VALID
audio_253.wav,train,True,True,60.08,16000,1,False,0.046889,0.4853,0.0,VALID
audio_167.wav,train,True,True,60.075,16000,1,False,0.072022,0.4188,0.0,VALID
audio_583.wav,train,True,True,60.075,16000,1,False,0.070902,0.3665,0.0,VALID
audio_682.wav,train,True,True,60.075,16000,1,False,0.069395,0.3756,0.0,VALID
audio_5045.wav,train,True,True,60.075,16000,1,False,0.124161,0.0,0.0,VALID
audio_173.wav,train,True,True,60.075,16000,1,False,0.083583,0.3926,0.0,VALID
audio_338.wav,train,True,True,60.011,16000,1,False,0.07623,0.1472,0.0,VALID
audio_188.wav,train,True,True,60.075,16000,1,False,0.074684,0.2296,0.0,VALID
audio_59.wav,train,True,True,45.06,16000,1,False,0.01775,0.3416,0.0,VALID
audio_318.wav,train,True,True,60.075,16000,1,False,0.043453,0.4081,0.0,VALID
audio_17.wav,train,True,True,44.1,16000,1,False,0.185599,0.0972,0.000588,VALID
audio_551.wav,train,True,True,60.075,16000,1,False,0.077854,0.349,0.0,VALID
audio_275.wav,train,True,True,39.019,16000,1,False,0.078346,0.4701,0.0,VALID
audio_368.wav,train,True,True,60.075,16000,1,False,0.047979,0.3399,0.0,VALID
audio_730.wav,train,True,True,60.075,16000,1,False,0.060294,0.61,0.0,VALID
audio_5060.wav,train,True,True,60.075,16000,1,False,0.135908,0.0,0.0,VALID
audio_685.wav,train,True,True,60.075,16000,1,False,0.090889,0.3106,0.0,VALID
audio_7.wav,train,True,True,45.06,16000,1,False,0.111978,0.2919,0.0,VALID
audio_204.wav,train,True,True,61.035,16000,1,False,0.074828,0.3325,0.0,VALID
audio_5064.wav,train,True,True,60.075,16000,1,False,0.106302,0.0,0.0,VALID
audio_127.wav,train,True,True,45.06,16000,1,False,0.029503,0.4261,0.0,VALID
audio_412.wav,train,True,True,33.728,16000,1,False,0.049094,0.5104,0.0,VALID
audio_132.wav,train,True,True,45.06,16000,1,False,0.012953,0.4659,0.0,VALID
audio_156.wav,train,True,True,60.08,16000,1,False,0.03393,0.4678,0.0,VALID
audio_426.wav,train,True,True,60.075,16000,1,False,0.060638,0.3895,0.0,VALID
audio_709.wav,train,True,True,60.011,16000,1,False,0.094935,0.3803,0.0,VALID
audio_291.wav,train,True,True,56.469,16000,1,False,0.052162,0.4286,0.0,VALID
audio_523.wav,train,True,True,60.075,16000,1,False,0.067577,0.3586,0.0,VALID
audio_632.wav,train,True,True,60.075,16000,1,False,0.076864,0.2099,0.0,VALID
audio_684.wav,train,True,True,57.792,16000,1,False,0.086533,0.3084,0.0,VALID
audio_512.wav,train,True,True,60.075,16000,1,False,0.07813,0.4518,0.0,VALID
audio_764.wav,train,True,True,60.011,16000,1,False,0.049434,0.2064,0.0,VALID
audio_585.wav,train,True,True,60.075,16000,1,False,0.066611,0.2733,0.0,VALID
audio_562.wav,train,True,True,61.035,16000,1,False,0.075551,0.3445,0.0,VALID
audio_465.wav,train,True,True,60.075,16000,1,False,0.106042,0.2898,0.0,VALID
audio_37.wav,train,True,True,45.06,16000,1,False,0.023087,0.2678,0.0,VALID
audio_47.wav,train,True,True,45.12,16000,1,False,0.043158,0.2901,0.0,VALID
audio_233.wav,train,True,True,60.08,16000,1,False,0.048966,0.4124,0.0,VALID
audio_621.wav,train,True,True,60.075,16000,1,False,0.082468,0.2621,9e-06,VALID
audio_590.wav,train,True,True,60.075,16000,1,False,0.110617,0.0954,0.0,VALID
audio_349.wav,train,True,True,60.075,16000,1,False,0.061501,0.2483,0.0,VALID
audio_387.wav,train,True,True,60.011,16000,1,False,0.065849,0.3371,0.0,VALID
audio_630.wav,train,True,True,60.075,16000,1,False,0.070642,0.3873,0.0,VALID
audio_5046.wav,train,True,True,60.075,16000,1,False,0.143277,0.0,0.0,VALID
audio_183.wav,train,True,True,60.075,16000,1,False,0.064097,0.5599,0.0,VALID
audio_607.wav,train,True,True,60.075,16000,1,False,0.065365,0.2813,0.0,VALID
audio_133.wav,train,True,True,45.0,16000,1,False,0.051807,0.0,0.0,VALID
audio_443.wav,train,True,True,60.075,16000,1,False,0.080118,0.3133,0.0,VALID
audio_55.wav,train,True,True,45.06,16000,1,False,0.012818,0.4943,0.0,VALID
audio_686.wav,train,True,True,53.888,16000,1,False,0.07325,0.5154,0.0,VALID
audio_740.wav,train,True,True,60.075,16000,1,False,0.046257,0.4283,0.0,VALID
audio_699.wav,train,True,True,60.075,16000,1,False,0.058004,0.2765,0.0,VALID
audio_44.wav,train,True,True,45.06,16000,1,False,0.065991,0.3537,0.0,VALID
audio_500.wav,train,True,True,60.075,16000,1,False,0.071368,0.4188,0.0,VALID
audio_265.wav,train,True,True,60.08,16000,1,False,0.042178,0.4838,0.0,VALID
audio_125.wav,train,True,True,45.06,16000,1,False,0.004729,0.6839,0.0,VALID
audio_413.wav,train,True,True,45.909,16000,1,False,0.096527,0.2071,0.0,VALID
audio_256.wav,train,True,True,60.08,16000,1,False,0.033695,0.4001,0.0,VALID
audio_350.wav,train,True,True,60.075,16000,1,False,0.053364,0.3346,0.0,VALID
audio_364.wav,train,True,True,60.075,16000,1,False,0.041663,0.4241,0.0,VALID
audio_131.wav,train,True,True,44.88,16000,1,False,0.099503,0.0064,0.0,VALID
audio_168.wav,train,True,True,60.075,16000,1,False,0.061373,0.4742,0.0,VALID
audio_557.wav,train,True,True,44.053,16000,1,False,0.071887,0.3176,0.0,VALID
audio_670.wav,train,True,True,60.075,16000,1,False,0.08401,0.334,0.0,VALID
audio_342.wav,train,True,True,60.075,16000,1,False,0.049077,0.3852,0.0,VALID
audio_2.wav,train,True,True,45.0,16000,1,False,0.117758,0.0021,0.0,VALID
audio_5048.wav,train,True,True,60.075,16000,1,False,0.135165,0.0,0.0,VALID
audio_741.wav,train,True,True,60.075,16000,1,False,0.049422,0.5722,0.0,VALID
audio_294.wav,train,True,True,60.075,16000,1,False,0.071412,0.398,0.0,VALID
audio_370.wav,train,True,True,60.075,16000,1,False,0.053358,0.2813,0.0,VALID
audio_417.wav,train,True,True,60.075,16000,1,False,0.080719,0.2477,0.0,VALID
audio_753.wav,train,True,True,60.075,16000,1,False,0.058339,0.2744,0.0,VALID
audio_533.wav,train,True,True,60.075,16000,1,False,0.100606,0.1273,0.0,VALID
audio_239.wav,train,True,True,60.08,16000,1,False,0.064021,0.2547,0.0,VALID
audio_566.wav,train,True,True,60.075,16000,1,False,0.07917,0.2003,0.0,VALID
audio_736.wav,train,True,True,60.011,16000,1,False,0.069043,0.4064,0.0,VALID
audio_541.wav,train,True,True,60.075,16000,1,False,0.058416,0.3143,0.0,VALID
audio_531.wav,train,True,True,60.075,16000,1,False,0.054653,0.2547,0.0,VALID
audio_280.wav,train,True,True,60.075,16000,1,False,0.06815,0.447,0.0,VALID
audio_33.wav,train,True,True,39.36,16000,1,False,0.029853,0.3561,0.0,VALID
audio_307.wav,train,True,True,60.139,16000,1,False,0.051529,0.3284,0.0,VALID
audio_617.wav,train,True,True,60.075,16000,1,False,0.067016,0.3932,0.0,VALID
audio_613.wav,train,True,True,60.075,16000,1,False,0.087247,0.1822,0.0,VALID
audio_472.wav,train,True,True,23.893,16000,1,False,0.061974,0.4075,0.0,VALID
audio_568.wav,train,True,True,60.075,16000,1,False,0.06295,0.334,0.0,VALID
audio_521.wav,train,True,True,60.075,16000,1,False,0.067591,0.3511,0.0,VALID
audio_401.wav,train,True,True,60.075,16000,1,False,0.070732,0.3122,0.0,VALID
audio_573.wav,train,True,True,60.075,16000,1,False,0.056336,0.3905,0.0,VALID
audio_180.wav,train,True,True,60.075,16000,1,False,0.117121,0.1497,2e-06,VALID
audio_320.wav,train,True,True,38.891,16000,1,False,0.042905,0.5564,0.0,VALID
audio_85.wav,train,True,True,45.06,16000,1,False,0.074794,0.3651,0.000121,VALID
audio_296.wav,train,True,True,60.075,16000,1,False,0.083528,0.3351,0.0,VALID
audio_250.wav,train,True,True,20.12,16000,1,False,0.009291,0.7102,0.0,VALID
audio_346.wav,train,True,True,60.075,16000,1,False,0.056152,0.4576,0.0,VALID
audio_335.wav,train,True,True,60.075,16000,1,False,0.076156,0.3836,1e-06,VALID
audio_20.wav,train,True,True,43.02,16000,1,False,0.036708,0.0097,0.0,VALID
audio_5071.wav,train,True,True,60.075,16000,1,False,0.124246,0.0,0.0,VALID
audio_558.wav,train,True,True,60.075,16000,1,False,0.050755,0.5093,0.0,VALID
audio_289.wav,train,True,True,60.075,16000,1,False,0.049947,0.6708,0.0,VALID
audio_620.wav,train,True,True,61.035,16000,1,False,0.068082,0.3319,0.0,VALID
audio_665.wav,train,True,True,60.075,16000,1,False,0.05762,0.3468,0.0,VALID
audio_751.wav,train,True,True,60.075,16000,1,False,0.102193,0.1785,0.0,VALID
audio_442.wav,train,True,True,60.075,16000,1,False,0.050761,0.4459,0.0,VALID
audio_362.wav,train,True,True,60.075,16000,1,False,0.070455,0.3415,1e-06,VALID
audio_311.wav,train,True,True,60.075,16000,1,False,0.050195,0.4774,0.0,VALID
audio_724.wav,train,True,True,60.011,16000,1,False,0.059764,0.3061,0.0,VALID
audio_39.wav,train,True,True,45.06,16000,1,False,0.023349,0.1143,0.0,VALID
audio_290.wav,train,True,True,60.075,16000,1,False,0.045425,0.6974,0.0,VALID
audio_23.wav,train,True,True,45.06,16000,1,False,0.008874,0.5391,0.0,VALID
audio_624.wav,train,True,True,60.075,16000,1,False,0.064822,0.3324,0.0,VALID
audio_206.wav,train,True,True,60.075,16000,1,False,0.08342,0.3085,0.0,VALID
audio_288.wav,train,True,True,60.075,16000,1,False,0.049655,0.52,0.0,VALID
audio_60.wav,train,True,True,45.0,16000,1,False,0.08229,0.0654,1.8e-05,VALID
audio_80.wav,train,True,True,45.06,16000,1,False,0.00804,0.4077,0.0,VALID
audio_214.wav,train,True,True,60.075,16000,1,False,0.092646,0.2126,0.0,VALID
audio_599.wav,train,True,True,60.075,16000,1,False,0.06193,0.1614,0.0,VALID
audio_5063.wav,train,True,True,46.336,16000,1,False,0.150502,0.0,0.0,VALID
audio_207.wav,train,True,True,60.075,16000,1,False,0.053275,0.4651,1e-06,VALID
audio_438.wav,train,True,True,60.075,16000,1,False,0.047202,0.6249,0.0,VALID
audio_332.wav,train,True,True,60.075,16000,1,False,0.058149,0.277,0.0,VALID
audio_159.wav,train,True,True,60.08,16000,1,False,0.069645,0.2195,0.0,VALID
audio_478.wav,train,True,True,60.075,16000,1,False,0.056158,0.5205,0.0,VALID
audio_46.wav,train,True,True,45.06,16000,1,False,0.117945,0.2926,0.0,VALID
audio_130.wav,train,True,True,45.06,16000,1,False,0.02994,0.2713,0.0,VALID
audio_437.wav,train,True,True,60.075,16000,1,False,0.032103,0.6825,0.0,VALID
audio_771.wav,train,True,True,60.075,16000,1,False,0.078915,0.2099,1e-06,VALID
audio_759.wav,train,True,True,60.075,16000,1,False,0.070647,0.2499,0.0,VALID
audio_25.wav,train,True,True,45.06,16000,1,False,0.006347,0.4929,0.0,VALID
audio_191.wav,train,True,True,60.423,16000,1,False,0.048217,0.4873,0.0,VALID
audio_182.wav,train,True,True,40.448,16000,1,False,0.073783,0.3932,0.0,VALID
audio_236.wav,train,True,True,48.7,16000,1,False,0.033268,0.4938,0.0,VALID
audio_24.wav,train,True,True,45.06,16000,1,False,0.074813,0.2351,2.6e-05,VALID
audio_428.wav,train,True,True,60.075,16000,1,False,0.109556,0.2477,0.0,VALID
audio_678.wav,train,True,True,55.275,16000,1,False,0.045827,0.3127,0.0,VALID
audio_591.wav,train,True,True,60.075,16000,1,False,0.042913,0.2696,0.0,VALID
audio_597.wav,train,True,True,60.075,16000,1,False,0.062059,0.1492,0.0,VALID
audio_580.wav,train,True,True,60.075,16000,1,False,0.067966,0.5312,0.0,VALID
audio_19.wav,train,True,True,45.06,16000,1,False,0.028536,0.2947,0.0,VALID
audio_476.wav,train,True,True,60.075,16000,1,False,0.074599,0.471,0.0,VALID
audio_375.wav,train,True,True,60.075,16000,1,False,0.055148,0.6111,0.0,VALID
audio_642.wav,train,True,True,60.075,16000,1,False,0.022305,0.7587,0.0,VALID
audio_66.wav,train,True,True,59.96,16000,1,False,0.065983,0.5371,0.0,VALID
audio_186.wav,train,True,True,60.075,16000,1,False,0.08513,0.1811,0.0,VALID
audio_713.wav,train,True,True,60.075,16000,1,False,0.063219,0.3969,0.0,VALID
audio_354.wav,train,True,True,60.075,16000,1,False,0.061424,0.2936,0.0,VALID
audio_768.wav,train,True,True,60.075,16000,1,False,0.071683,0.2733,0.0,VALID
audio_14.wav,train,True,True,45.06,16000,1,False,0.004315,0.7607,0.0,VALID
audio_208.wav,train,True,True,60.075,16000,1,False,0.085719,0.3367,0.0,VALID
audio_418.wav,train,True,True,60.615,16000,1,False,0.021954,0.4593,0.0,VALID
audio_212.wav,train,True,True,60.075,16000,1,False,0.087072,0.269,0.0,VALID
audio_177.wav,train,True,True,60.08,16000,1,False,0.044493,0.3697,0.0,VALID
audio_503.wav,train,True,True,60.075,16000,1,False,0.093305,0.1913,0.0,VALID
audio_564.wav,train,True,True,60.075,16000,1,False,0.04919,0.6883,0.0,VALID
audio_257.wav,train,True,True,60.08,16000,1,False,0.044029,0.3447,0.0,VALID
audio_408.wav,train,True,True,34.091,16000,1,False,0.057038,0.1728,0.0,VALID
audio_468.wav,train,True,True,60.075,16000,1,False,0.07826,0.2445,0.0,VALID
audio_574.wav,train,True,True,60.075,16000,1,False,0.06908,0.2515,0.0,VALID
audio_26.wav,train,True,True,45.06,16000,1,False,0.053682,0.0,0.0,VALID
audio_480.wav,train,True,True,60.7,16000,1,False,0.058538,0.3666,0.0,VALID
audio_706.wav,train,True,True,60.075,16000,1,False,0.072768,0.2765,0.0,VALID
audio_57.wav,train,True,True,45.06,16000,1,False,0.053057,0.1151,0.0,VALID
audio_209.wav,train,True,True,60.011,16000,1,False,0.087089,0.2677,0.0,VALID
audio_712.wav,train,True,True,60.075,16000,1,False,0.07092,0.4086,0.0,VALID
audio_353.wav,train,True,True,56.0,16000,1,False,0.047181,0.4023,0.0,VALID
audio_575.wav,train,True,True,60.075,16000,1,False,0.066277,0.2717,0.0,VALID
audio_383.wav,train,True,True,60.075,16000,1,False,0.078757,0.3623,0.0,VALID
audio_781.wav,train,True,True,60.615,16000,1,False,0.046027,0.4256,0.0,VALID
audio_118.wav,train,True,True,45.06,16000,1,False,0.02326,0.4794,0.0,VALID
audio_337.wav,train,True,True,60.075,16000,1,False,0.051316,0.1822,0.0,VALID
audio_715.wav,train,True,True,60.075,16000,1,False,0.058381,0.2531,0.0,VALID
audio_323.wav,train,True,True,60.075,16000,1,False,0.047336,0.414,0.0,VALID
audio_374.wav,train,True,True,60.075,16000,1,False,0.051172,0.4603,0.0,VALID
audio_348.wav,train,True,True,57.6,16000,1,False,0.060727,0.3222,0.0,VALID
audio_547.wav,train,True,True,60.075,16000,1,False,0.078331,0.4283,0.0,VALID
audio_41.wav,train,True,True,43.8,16000,1,False,0.011109,0.0,0.0,VALID
audio_284.wav,train,True,True,60.075,16000,1,False,0.075049,0.3751,0.0,VALID
audio_13.wav,train,True,True,45.022,16000,1,False,0.068811,0.2795,0.0,VALID
audio_548.wav,train,True,True,60.075,16000,1,False,0.057768,0.2563,0.0,VALID
audio_687.wav,train,True,True,61.035,16000,1,False,0.085425,0.2984,0.0,VALID
audio_104.wav,train,True,True,45.06,16000,1,False,0.010877,0.478,0.0,VALID
audio_181.wav,train,True,True,60.075,16000,1,False,0.069459,0.2797,1e-06,VALID
audio_755.wav,train,True,True,50.24,16000,1,False,0.064159,0.3293,0.0,VALID
audio_733.wav,train,True,True,60.011,16000,1,False,0.029728,0.3989,0.0,VALID
audio_5072.wav,train,True,True,60.075,16000,1,False,0.169245,0.0,0.0,VALID
audio_776.wav,train,True,True,60.075,16000,1,False,0.062736,0.4188,0.0,VALID
audio_70.wav,train,True,True,60.8,16000,1,False,0.035996,0.5684,0.0,VALID
audio_49.wav,train,True,True,45.66,16000,1,False,0.054098,0.3212,0.0,VALID
audio_527.wav,train,True,True,60.075,16000,1,False,0.066907,0.3607,0.0,VALID
audio_273.wav,train,True,True,60.075,16000,1,False,0.05781,0.2595,0.0,VALID
audio_139.wav,train,True,True,60.08,16000,1,False,0.045745,0.5056,0.0,VALID
audio_467.wav,train,True,True,60.075,16000,1,False,0.072261,0.3319,0.0,VALID
audio_407.wav,train,True,True,60.075,16000,1,False,0.045453,0.3399,0.0,VALID
audio_404.wav,train,True,True,60.075,16000,1,False,0.049452,0.2493,0.0,VALID
audio_534.wav,train,True,True,60.075,16000,1,False,0.08558,0.2046,0.0,VALID
audio_96.wav,train,True,True,45.06,16000,1,False,0.015696,0.5455,0.0,VALID
audio_137.wav,train,True,True,45.06,16000,1,False,0.056304,0.0014,0.0,VALID
audio_150.wav,train,True,True,58.624,16000,1,False,0.091316,0.4039,0.0,VALID
audio_339.wav,train,True,True,60.075,16000,1,False,0.057928,0.3042,0.0,VALID
audio_409.wav,train,True,True,59.712,16000,1,False,0.059386,0.3119,0.0,VALID
audio_78.wav,train,True,True,45.06,16000,1,False,0.062104,0.255,0.0,VALID
audio_244.wav,train,True,True,60.08,16000,1,False,0.047968,0.2227,0.0,VALID
audio_752.wav,train,True,True,42.965,16000,1,False,0.075382,0.2876,0.0,VALID
audio_508.wav,train,True,True,60.075,16000,1,False,0.090966,0.2083,0.0,VALID
audio_664.wav,train,True,True,60.075,16000,1,False,0.058764,0.4225,0.0,VALID
audio_701.wav,train,True,True,60.075,16000,1,False,0.065027,0.2968,0.0,VALID
audio_5044.wav,train,True,True,24.128,16000,1,False,0.090835,0.0,0.0,VALID
audio_734.wav,train,True,True,60.075,16000,1,False,0.026544,0.4246,0.0,VALID
audio_51.wav,train,True,True,44.927,16000,1,False,0.057603,0.4326,0.0,VALID
audio_704.wav,train,True,True,60.075,16000,1,False,0.043562,0.5876,0.0,VALID
audio_129.wav,train,True,True,45.06,16000,1,False,0.033826,0.25,0.0,VALID
audio_107.wav,train,True,True,45.06,16000,1,False,0.006271,0.6626,0.0,VALID
audio_143.wav,train,True,True,54.44,16000,1,False,0.037181,0.2963,0.0,VALID
audio_458.wav,train,True,True,57.429,16000,1,False,0.077146,0.3629,0.0,VALID
audio_424.wav,train,True,True,60.075,16000,1,False,0.107622,0.3063,0.0,VALID
audio_563.wav,train,True,True,60.011,16000,1,False,0.068512,0.3627,0.0,VALID
audio_625.wav,train,True,True,60.075,16000,1,False,0.056533,0.3857,0.0,VALID
audio_302.wav,train,True,True,60.075,16000,1,False,0.05563,0.4267,0.0,VALID
audio_154.wav,train,True,True,60.075,16000,1,False,0.066408,0.4544,0.0,VALID
audio_754.wav,train,True,True,46.208,16000,1,False,0.066054,0.2493,0.0,VALID
audio_749.wav,train,True,True,60.075,16000,1,False,0.056054,0.4166,0.0,VALID
audio_366.wav,train,True,True,60.075,16000,1,False,0.053809,0.4251,4e-06,VALID
audio_693.wav,train,True,True,24.917,16000,1,False,0.038327,0.0141,0.0,VALID
audio_608.wav,train,True,True,45.781,16000,1,False,0.057651,0.2825,0.0,VALID
audio_220.wav,train,True,True,60.075,16000,1,False,0.083097,0.3452,0.0,VALID
audio_761.wav,train,True,True,60.075,16000,1,False,0.058545,0.3351,0.0,VALID
audio_640.wav,train,True,True,60.075,16000,1,False,0.035091,0.5727,0.0,VALID
audio_67.wav,train,True,True,60.06,16000,1,False,0.043606,0.1876,1e-06,VALID
audio_299.wav,train,True,True,60.075,16000,1,False,0.054713,0.3644,0.0,VALID
audio_102.wav,train,True,True,45.06,16000,1,False,0.011916,0.4503,0.0,VALID
audio_258.wav,train,True,True,60.08,16000,1,False,0.04963,0.553,0.0,VALID
audio_679.wav,train,True,True,60.075,16000,1,False,0.059876,0.2738,0.0,VALID
audio_82.wav,train,True,True,45.06,16000,1,False,0.040242,0.3303,0.0,VALID
audio_325.wav,train,True,True,57.963,16000,1,False,0.052764,0.3534,0.0,VALID
audio_399.wav,train,True,True,60.075,16000,1,False,0.040592,0.3447,0.0,VALID
audio_285.wav,train,True,True,22.144,16000,1,False,0.048943,0.354,0.0,VALID
audio_784.wav,train,True,True,60.615,16000,1,False,0.046244,0.4029,0.0,VALID
audio_0.wav,train,True,True,45.06,16000,1,False,0.012637,0.5249,0.0,VALID
audio_435.wav,train,True,True,61.035,16000,1,False,0.136855,0.1091,0.0,VALID
audio_91.wav,train,True,True,45.06,16000,1,False,0.02813,0.4418,0.0,VALID
audio_109.wav,train,True,True,45.06,16000,1,False,0.022123,0.4979,0.0,VALID
audio_772.wav,train,True,True,60.075,16000,1,False,0.061698,0.7411,0.0,VALID
audio_270.wav,train,True,True,60.08,16000,1,False,0.023878,0.4502,0.0,VALID
audio_528.wav,train,True,True,60.075,16000,1,False,0.075335,0.3516,0.0,VALID
audio_441.wav,train,True,True,60.075,16000,1,False,0.072699,0.3063,0.0,VALID
audio_381.wav,train,True,True,60.139,16000,1,False,0.055355,0.3294,0.0,VALID
audio_86.wav,train,True,True,45.06,16000,1,False,0.024436,0.2408,0.0,VALID
audio_101.wav,train,True,True,45.06,16000,1,False,0.022103,0.4901,0.0,VALID
audio_333.wav,train,True,True,60.075,16000,1,False,0.055731,0.358,0.0,VALID
audio_149.wav,train,True,True,59.52,16000,1,False,0.09805,0.3742,0.0,VALID
audio_719.wav,train,True,True,60.011,16000,1,False,0.069972,0.2112,0.0,VALID
audio_638.wav,train,True,True,60.075,16000,1,False,0.030087,0.3772,0.0,VALID
audio_147.wav,train,True,True,60.08,16000,1,False,0.038384,0.4774,0.0,VALID
audio_62.wav,train,True,True,43.98,16000,1,False,0.021952,0.3952,0.0,VALID
audio_763.wav,train,True,True,60.167,16000,1,False,0.058694,0.2277,2e-06,VALID
audio_498.wav,train,True,True,60.075,16000,1,False,0.0499,0.1747,0.0,VALID
audio_1.wav,train,True,True,45.06,16000,1,False,0.017407,0.3366,0.0,VALID
audio_304.wav,train,True,True,60.075,16000,1,False,0.062193,0.2376,0.0,VALID
audio_347.wav,train,True,True,60.075,16000,1,False,0.036217,0.4529,0.0,VALID
audio_560.wav,train,True,True,60.075,16000,1,False,0.071571,0.3165,0.0,VALID
audio_452.wav,train,True,True,61.035,16000,1,False,0.073459,0.3996,1e-06,VALID
audio_716.wav,train,True,True,60.075,16000,1,False,0.067371,0.211,0.0,VALID
audio_473.wav,train,True,True,61.035,16000,1,False,0.041514,0.1316,0.0,VALID
audio_95.wav,train,True,True,45.06,16000,1,False,0.003577,0.8473,0.0,VALID
audio_732.wav,train,True,True,60.075,16000,1,False,0.074962,0.2717,0.0,VALID
audio_292.wav,train,True,True,60.011,16000,1,False,0.057599,0.3184,0.0,VALID
audio_469.wav,train,True,True,60.075,16000,1,False,0.087779,0.2227,0.0,VALID
audio_329.wav,train,True,True,60.075,16000,1,False,0.084453,0.2174,0.0,VALID
audio_169.wav,train,True,True,60.08,16000,1,False,0.047014,0.4033,0.0,VALID
audio_174.wav,train,True,True,60.075,16000,1,False,0.068433,0.3889,0.0,VALID
audio_513.wav,train,True,True,60.075,16000,1,False,0.056019,0.4662,0.0,VALID
audio_584.wav,train,True,True,60.075,16000,1,False,0.070314,0.3575,0.0,VALID
audio_345.wav,train,True,True,60.075,16000,1,False,0.050737,0.4001,1e-06,VALID
audio_750.wav,train,True,True,60.075,16000,1,False,0.08465,0.2222,0.0,VALID
audio_116.wav,train,True,True,45.06,16000,1,False,0.033534,0.4474,0.0,VALID
audio_114.wav,train,True,True,45.0,16000,1,False,0.021939,0.3286,0.0,VALID
audio_157.wav,train,True,True,61.04,16000,1,False,0.070241,0.2528,0.0,VALID
audio_385.wav,train,True,True,60.075,16000,1,False,0.063302,0.3793,0.0,VALID
audio_264.wav,train,True,True,60.08,16000,1,False,0.03156,0.6697,0.0,VALID
audio_390.wav,train,True,True,60.075,16000,1,False,0.042739,0.2323,0.0,VALID
audio_766.wav,train,True,True,60.075,16000,1,False,0.064135,0.39,0.0,VALID
audio_571.wav,train,True,True,49.451,16000,1,False,0.067601,0.2706,0.0,VALID
audio_393.wav,train,True,True,60.011,16000,1,False,0.066015,0.3893,0.0,VALID
audio_691.wav,train,True,True,39.253,16000,1,False,0.041344,0.0057,0.0,VALID
audio_128.wav,test,True,True,45.06,16000,1,False,0.025826,0.4382,0.0,VALID
audio_156.wav,test,True,True,44.969,16000,1,False,0.065057,0.41,8e-06,VALID
audio_19.wav,test,True,True,45.012,16000,1,False,0.06546,0.2909,8e-06,VALID
audio_108.wav,test,True,True,58.98,16000,1,False,0.007407,0.6196,0.0,VALID
audio_206.wav,test,True,True,45.04,16000,1,False,0.070047,0.0071,0.0,VALID
audio_161.wav,test,True,True,45.06,16000,1,False,0.086665,0.0199,0.0,VALID
audio_215.wav,test,True,True,44.84,16000,1,False,0.124144,0.005,0.0,VALID
audio_213.wav,test,True,True,45.06,16000,1,False,0.051194,0.2393,0.0,VALID
audio_11.wav,test,True,True,45.06,16000,1,False,0.06548,0.3217,7e-06,VALID
audio_155.wav,test,True,True,44.863,16000,1,False,0.09023,0.2127,0.0,VALID
audio_39.wav,test,True,True,60.08,16000,1,False,0.043627,0.3042,0.0,VALID
audio_168.wav,test,True,True,45.06,16000,1,False,0.019126,0.451,4e-06,VALID
audio_133.wav,test,True,True,45.06,16000,1,False,0.008196,0.5604,0.0,VALID
audio_28.wav,test,True,True,18.56,16000,1,False,0.030789,0.3655,0.0,VALID
audio_40.wav,test,True,True,60.08,16000,1,False,0.045748,0.3079,0.0,VALID
audio_181.wav,test,True,True,44.7,16000,1,False,0.015431,0.4348,0.0,VALID
audio_201.wav,test,True,True,45.995,16000,1,False,0.026087,0.0828,0.0,VALID
audio_182.wav,test,True,True,45.06,16000,1,False,0.018458,0.022,0.0,VALID
audio_126.wav,test,True,True,45.0,16000,1,False,0.026394,0.3698,0.0,VALID
audio_10.wav,test,True,True,45.06,16000,1,False,0.051629,0.0128,0.0,VALID
audio_134.wav,test,True,True,45.06,16000,1,False,0.099565,0.0,0.0,VALID
audio_69.wav,test,True,True,60.075,16000,1,False,0.02526,0.5951,0.0,VALID
audio_112.wav,test,True,True,43.02,16000,1,False,0.051055,0.3735,0.0,VALID
audio_180.wav,test,True,True,45.06,16000,1,False,0.081782,0.4673,0.0,VALID
audio_177.wav,test,True,True,45.06,16000,1,False,0.024649,0.1825,0.0,VALID
audio_77.wav,test,True,True,60.075,16000,1,False,0.064802,0.2232,0.0,VALID
audio_111.wav,test,True,True,60.06,16000,1,False,0.059435,0.0314,0.0,VALID
audio_18.wav,test,True,True,45.06,16000,1,False,0.010283,0.5206,0.0,VALID
audio_175.wav,test,True,True,45.06,16000,1,False,0.016241,0.3359,0.0,VALID
audio_33.wav,test,True,True,51.14,16000,1,False,0.070113,0.2622,0.0,VALID
audio_15.wav,test,True,True,45.06,16000,1,False,0.005497,0.6406,0.0,VALID
audio_4.wav,test,True,True,41.419,16000,1,False,0.144302,0.1468,0.000116,VALID
audio_27.wav,test,True,True,60.075,16000,1,False,0.084998,0.2616,0.0,VALID
audio_96.wav,test,True,True,41.4,16000,1,False,0.023048,0.3619,0.0,VALID
audio_116.wav,test,True,True,45.06,16000,1,False,0.021029,0.375,0.0,VALID
audio_1.wav,test,True,True,45.06,16000,1,False,0.008942,0.4339,0.0,VALID
audio_22.wav,test,True,True,44.82,16000,1,False,0.021209,0.3143,0.0,VALID
audio_114.wav,test,True,True,45.06,16000,1,False,0.016336,0.2663,0.0,VALID
audio_146.wav,test,True,True,41.34,16000,1,False,0.006477,0.5585,0.0,VALID
audio_46.wav,test,True,True,60.608,16000,1,False,0.064312,0.1811,0.0,VALID
audio_144.wav,test,True,True,45.06,16000,1,False,0.01411,0.5639,0.0,VALID
audio_75.wav,test,True,True,60.075,16000,1,False,0.069734,0.2573,0.0,VALID
audio_200.wav,test,True,True,44.92,16000,1,False,0.047252,0.3357,0.0,VALID
audio_196.wav,test,True,True,45.06,16000,1,False,0.018167,0.272,0.0,VALID
audio_190.wav,test,True,True,44.64,16000,1,False,0.016545,0.4394,0.0,VALID
audio_158.wav,test,True,True,45.06,16000,1,False,0.023305,0.0007,0.0,VALID
audio_17.wav,test,True,True,45.06,16000,1,False,0.070091,0.0007,0.0,VALID
audio_105.wav,test,True,True,60.06,16000,1,False,0.052001,0.048,0.0,VALID
audio_141.wav,test,True,True,44.76,16000,1,False,0.006396,0.5515,0.0,VALID
audio_129.wav,test,True,True,45.06,16000,1,False,0.062167,0.3139,1.9e-05,VALID
audio_6.wav,test,True,True,45.032,16000,1,False,0.059197,0.1322,0.0,VALID
audio_70.wav,test,True,True,52.693,16000,1,False,0.053935,0.3293,0.0,VALID
audio_35.wav,test,True,True,60.08,16000,1,False,0.056987,0.2744,0.0,VALID
audio_203.wav,test,True,True,45.0,16000,1,False,0.021872,0.3129,0.0,VALID
audio_90.wav,test,True,True,44.993,16000,1,False,0.090692,0.2568,2.2e-05,VALID
audio_16.wav,test,True,True,45.06,16000,1,False,0.005078,0.7202,0.0,VALID
audio_138.wav,test,True,True,45.06,16000,1,False,0.018407,0.4396,0.0,VALID
audio_100.wav,test,True,True,45.06,16000,1,False,0.019754,0.2585,0.0,VALID
audio_115.wav,test,True,True,45.06,16000,1,False,0.011884,0.4013,0.0,VALID
audio_118.wav,test,True,True,45.06,16000,1,False,0.081019,0.2855,0.0,VALID
audio_137.wav,test,True,True,45.06,16000,1,False,0.010461,0.4041,0.0,VALID
audio_101.wav,test,True,True,42.54,16000,1,False,0.026398,0.4101,0.0,VALID
audio_193.wav,test,True,True,44.4,16000,1,False,0.19279,0.0937,0.0,VALID
audio_102.wav,test,True,True,59.94,16000,1,False,0.039796,0.2376,0.0,VALID
audio_52.wav,test,True,True,60.075,16000,1,False,0.089158,0.2637,0.0,VALID
audio_172.wav,test,True,True,41.58,16000,1,False,0.012795,0.4111,0.0,VALID
audio_191.wav,test,True,True,45.06,16000,1,False,0.094748,0.3161,0.0,VALID
audio_194.wav,test,True,True,45.06,16000,1,False,0.030424,0.233,0.0,VALID
audio_67.wav,test,True,True,60.075,16000,1,False,0.058712,0.3266,0.0,VALID
audio_160.wav,test,True,True,45.06,16000,1,False,0.071534,0.2749,6e-05,VALID
audio_179.wav,test,True,True,45.06,16000,1,False,0.014873,0.1243,0.0,VALID
audio_55.wav,test,True,True,60.075,16000,1,False,0.078459,0.2312,0.0,VALID
audio_145.wav,test,True,True,45.06,16000,1,False,0.007272,0.5817,0.0,VALID
audio_197.wav,test,True,True,45.06,16000,1,False,0.015357,0.282,0.0,VALID
audio_139.wav,test,True,True,42.84,16000,1,False,0.08207,0.0,0.0,VALID
audio_91.wav,test,True,True,43.32,16000,1,False,0.020393,0.4013,0.0,VALID
audio_8.wav,test,True,True,57.52,16000,1,False,0.019686,0.4652,0.0,VALID
audio_136.wav,test,True,True,42.18,16000,1,False,0.014913,0.5395,0.0,VALID
audio_199.wav,test,True,True,45.06,16000,1,False,0.050734,0.2862,0.0,VALID
audio_110.wav,test,True,True,60.06,16000,1,False,0.06614,0.2122,1e-06,VALID
audio_208.wav,test,True,True,45.06,16000,1,False,0.052141,0.4091,0.0,VALID
audio_152.wav,test,True,True,44.82,16000,1,False,0.050751,0.1907,0.0,VALID
audio_94.wav,test,True,True,45.06,16000,1,False,0.029133,0.3338,4e-06,VALID
audio_174.wav,test,True,True,45.06,16000,1,False,0.017748,0.4325,0.0,VALID
audio_23.wav,test,True,True,46.012,16000,1,False,0.065308,0.174,0.0,VALID
audio_56.wav,test,True,True,60.075,16000,1,False,0.067507,0.2936,0.0,VALID
audio_97.wav,test,True,True,45.06,16000,1,False,0.014265,0.2741,0.0,VALID
audio_148.wav,test,True,True,45.06,16000,1,False,0.004221,0.7692,0.0,VALID
audio_59.wav,test,True,True,60.075,16000,1,False,0.073563,0.3324,0.0,VALID
audio_5.wav,test,True,True,36.72,16000,1,False,0.013725,0.2921,0.0,VALID
audio_119.wav,test,True,True,45.06,16000,1,False,0.009296,0.4027,0.0,VALID
audio_80.wav,test,True,True,56.107,16000,1,False,0.072533,0.3942,1e-06,VALID
audio_58.wav,test,True,True,60.075,16000,1,False,0.069293,0.357,0.0,VALID
audio_123.wav,test,True,True,45.06,16000,1,False,0.014588,0.4659,0.0,VALID
audio_188.wav,test,True,True,45.06,16000,1,False,0.015217,0.4361,0.0,VALID
audio_121.wav,test,True,True,45.06,16000,1,False,0.041466,0.1768,1e-06,VALID
audio_107.wav,test,True,True,6.48,16000,1,False,0.015928,0.5248,0.0,VALID
audio_214.wav,test,True,True,46.011,16000,1,False,0.067497,0.2561,0.0,VALID
audio_73.wav,test,True,True,60.075,16000,1,False,0.084407,0.2307,0.0,VALID
audio_169.wav,test,True,True,45.06,16000,1,False,0.034547,0.3416,3e-06,VALID
audio_7.wav,test,True,True,45.0,16000,1,False,0.083187,0.0569,0.0,VALID
audio_42.wav,test,True,True,54.613,16000,1,False,0.057224,0.5569,0.0,VALID
audio_88.wav,test,True,True,60.075,16000,1,False,0.050964,0.4198,0.0,VALID
audio_64.wav,test,True,True,60.075,16000,1,False,0.05968,0.5477,0.0,VALID
audio_195.wav,test,True,True,45.0,16000,1,False,0.030141,0.33,0.0,VALID
audio_57.wav,test,True,True,60.075,16000,1,False,0.075678,0.3021,0.0,VALID
audio_13.wav,test,True,True,45.06,16000,1,False,0.007353,0.6712,0.0,VALID
audio_125.wav,test,True,True,45.06,16000,1,False,0.022177,0.3913,0.0,VALID
audio_209.wav,test,True,True,45.06,16000,1,False,0.024174,0.3232,0.0,VALID
audio_211.wav,test,True,True,44.92,16000,1,False,0.080719,0.2951,0.0,VALID
audio_63.wav,test,True,True,60.075,16000,1,False,0.076812,0.4102,0.0,VALID
audio_86.wav,test,True,True,60.075,16000,1,False,0.052649,0.4006,0.0,VALID
audio_78.wav,test,True,True,60.075,16000,1,False,0.054358,0.3836,0.0,VALID
audio_38.wav,test,True,True,60.08,16000,1,False,0.032269,0.569,0.0,VALID
audio_186.wav,test,True,True,45.06,16000,1,False,0.107961,0.3168,0.000169,VALID
audio_154.wav,test,True,True,45.06,16000,1,False,0.01695,0.4609,0.0,VALID
audio_21.wav,test,True,True,45.06,16000,1,False,0.016434,0.0916,0.0,VALID
audio_120.wav,test,True,True,49.2,16000,1,False,0.028106,0.1529,0.0,VALID
audio_183.wav,test,True,True,45.06,16000,1,False,0.010808,0.3807,0.0,VALID
audio_25.wav,test,True,True,46.006,16000,1,False,0.021944,0.309,0.0,VALID
audio_122.wav,test,True,True,45.06,16000,1,False,0.012572,0.429,0.0,VALID
audio_36.wav,test,True,True,60.08,16000,1,False,0.046975,0.3106,0.0,VALID
audio_76.wav,test,True,True,60.075,16000,1,False,0.065605,0.1993,0.0,VALID
audio_163.wav,test,True,True,41.94,16000,1,False,0.081246,0.0,0.0,VALID
audio_83.wav,test,True,True,60.075,16000,1,False,0.048057,0.5578,0.0,VALID
audio_103.wav,test,True,True,60.52,16000,1,False,0.096195,0.0122,0.0,VALID
audio_93.wav,test,True,True,45.06,16000,1,False,0.032045,0.3494,0.0,VALID
audio_26.wav,test,True,True,44.32,16000,1,False,0.036093,0.3206,0.0,VALID
audio_72.wav,test,True,True,60.075,16000,1,False,0.058477,0.4022,0.0,VALID
audio_210.wav,test,True,True,45.72,16000,1,False,0.059565,0.2283,0.0,VALID
audio_104.wav,test,True,True,41.72,16000,1,False,0.123726,0.2402,0.0,VALID
audio_81.wav,test,True,True,60.011,16000,1,False,0.106192,0.3067,0.0,VALID
audio_166.wav,test,True,True,45.06,16000,1,False,0.012347,0.392,0.0,VALID
audio_202.wav,test,True,True,45.0,16000,1,False,0.076834,0.0,0.0,VALID
audio_185.wav,test,True,True,45.06,16000,1,False,0.01406,0.0291,0.0,VALID
audio_9.wav,test,True,True,60.0,16000,1,False,0.057953,0.0128,0.0,VALID
audio_207.wav,test,True,True,45.28,16000,1,False,0.030499,0.3541,0.0,VALID
audio_127.wav,test,True,True,45.0,16000,1,False,0.018858,0.0014,0.0,VALID
audio_12.wav,test,True,True,38.485,16000,1,False,0.069967,0.3469,0.0,VALID
audio_132.wav,test,True,True,45.06,16000,1,False,0.069182,0.0128,4e-06,VALID
audio_109.wav,test,True,True,59.76,16000,1,False,0.008584,0.6631,0.0,VALID
audio_32.wav,test,True,True,52.7,16000,1,False,0.066695,0.2284,0.0,VALID
audio_178.wav,test,True,True,45.16,16000,1,False,0.048418,0.2941,0.0,VALID
audio_61.wav,test,True,True,60.075,16000,1,False,0.063015,0.3362,0.0,VALID
audio_34.wav,test,True,True,60.08,16000,1,False,0.040841,0.3319,0.0,VALID
audio_106.wav,test,True,True,37.92,16000,1,False,0.057796,0.0473,0.0,VALID
audio_49.wav,test,True,True,60.075,16000,1,False,0.066933,0.285,0.0,VALID
audio_149.wav,test,True,True,42.12,16000,1,False,0.005722,0.6421,0.0,VALID
audio_30.wav,test,True,True,60.075,16000,1,False,0.082618,0.2989,0.0,VALID
audio_131.wav,test,True,True,45.0,16000,1,False,0.018434,0.4047,0.0,VALID
audio_162.wav,test,True,True,43.14,16000,1,False,0.05137,0.0319,0.0,VALID
audio_204.wav,test,True,True,45.0,16000,1,False,0.017918,0.4516,0.0,VALID
audio_198.wav,test,True,True,45.2,16000,1,False,0.074846,0.1133,0.0,VALID
audio_135.wav,test,True,True,43.62,16000,1,False,0.032234,0.0418,0.0,VALID
audio_187.wav,test,True,True,45.06,16000,1,False,0.020592,0.4886,0.0,VALID
audio_3.wav,test,True,True,45.0,16000,1,False,0.014549,0.4644,0.0,VALID
audio_98.wav,test,True,True,45.06,16000,1,False,0.008818,0.5128,0.0,VALID
audio_159.wav,test,True,True,45.06,16000,1,False,0.023446,0.4723,0.0,VALID
audio_167.wav,test,True,True,45.06,16000,1,False,0.033617,0.4418,0.0,VALID
audio_205.wav,test,True,True,44.84,16000,1,False,0.063574,0.3612,0.0,VALID
audio_95.wav,test,True,True,45.06,16000,1,False,0.01667,0.4389,0.0,VALID
audio_68.wav,test,True,True,60.075,16000,1,False,0.032023,0.5003,0.0,VALID
audio_31.wav,test,True,True,60.075,16000,1,False,0.074786,0.3351,0.0,VALID
audio_157.wav,test,True,True,44.927,16000,1,False,0.070057,0.3236,0.0,VALID
audio_89.wav,test,True,True,60.075,16000,1,False,0.059617,0.3282,0.0,VALID
audio_82.wav,test,True,True,60.075,16000,1,False,0.052789,0.586,0.0,VALID
audio_53.wav,test,True,True,60.075,16000,1,False,0.070847,0.2776,0.0,VALID
audio_37.wav,test,True,True,60.08,16000,1,False,0.048862,0.2525,0.0,VALID
audio_113.wav,test,True,True,45.06,16000,1,False,0.11912,0.0746,0.0,VALID
audio_85.wav,test,True,True,60.075,16000,1,False,0.054272,0.3404,0.0,VALID
audio_173.wav,test,True,True,45.06,16000,1,False,0.054005,0.397,0.0,VALID
audio_41.wav,test,True,True,60.075,16000,1,False,0.05531,0.2429,0.0,VALID
audio_51.wav,test,True,True,60.075,16000,1,False,0.08782,0.2962,0.0,VALID
audio_143.wav,test,True,True,45.06,16000,1,False,0.016899,0.4297,0.0,VALID
audio_92.wav,test,True,True,45.06,16000,1,False,0.037842,0.0696,0.0,VALID
audio_74.wav,test,True,True,60.075,16000,1,False,0.096393,0.2344,0.0,VALID
audio_0.wav,test,True,True,45.12,16000,1,False,0.01813,0.1674,0.0,VALID
audio_147.wav,test,True,True,45.06,16000,1,False,0.033921,0.3452,0.0,VALID
audio_130.wav,test,True,True,45.06,16000,1,False,0.051545,0.0639,0.0,VALID
audio_192.wav,test,True,True,45.06,16000,1,False,0.087783,0.0,4e-06,VALID
audio_43.wav,test,True,True,60.544,16000,1,False,0.058777,0.1305,0.0,VALID
audio_65.wav,test,True,True,60.075,16000,1,False,0.061465,0.5019,0.0,VALID
audio_14.wav,test,True,True,45.06,16000,1,False,0.014986,0.6428,0.0,VALID
audio_117.wav,test,True,True,45.06,16000,1,False,0.080121,0.2287,1e-06,VALID
audio_212.wav,test,True,True,45.06,16000,1,False,0.058085,0.304,0.0,VALID
audio_79.wav,test,True,True,60.011,16000,1,False,0.09368,0.3323,0.0,VALID
audio_171.wav,test,True,True,45.06,16000,1,False,0.040159,0.0149,0.0,VALID
audio_60.wav,test,True,True,60.075,16000,1,False,0.090732,0.2046,0.0,VALID
audio_153.wav,test,True,True,45.06,16000,1,False,0.037386,0.1669,0.0,VALID
audio_176.wav,test,True,True,44.92,16000,1,False,0.085053,0.3564,0.0,VALID
audio_2.wav,test,True,True,45.06,16000,1,False,0.041942,0.1868,0.0,VALID
audio_50.wav,test,True,True,32.96,16000,1,False,0.073999,0.2796,0.0,VALID
audio_29.wav,test,True,True,30.016,16000,1,False,0.072815,0.4957,0.0,VALID
audio_142.wav,test,True,True,45.06,16000,1,False,0.007383,0.5241,0.0,VALID
audio_47.wav,test,True,True,57.259,16000,1,False,0.061795,0.6462,0.0,VALID
audio_84.wav,test,True,True,60.075,16000,1,False,0.046248,0.5365,0.0,VALID
audio_164.wav,test,True,True,44.22,16000,1,False,0.013727,0.5916,0.0,VALID
audio_48.wav,test,True,True,28.267,16000,1,False,0.068438,0.3035,0.0,VALID
audio_189.wav,test,True,True,45.06,16000,1,False,0.057871,0.4048,0.0,VALID
audio_151.wav,test,True,True,43.14,16000,1,False,0.075994,0.319,7.5e-05,VALID
audio_66.wav,test,True,True,60.075,16000,1,False,0.06086,0.5258,0.0,VALID
audio_44.wav,test,True,True,57.067,16000,1,False,0.068621,0.5973,0.0,VALID
audio_150.wav,test,True,True,45.0,16000,1,False,0.007051,0.5007,0.0,VALID
audio_87.wav,test,True,True,60.075,16000,1,False,0.050903,0.4283,0.0,VALID
audio_99.wav,test,True,True,45.06,16000,1,False,0.019442,0.4524,0.0,VALID
audio_62.wav,test,True,True,61.035,16000,1,False,0.074063,0.3314,0.0,VALID
audio_20.wav,test,True,True,45.06,16000,1,False,0.157211,0.2223,0.00019,VALID
audio_124.wav,test,True,True,45.06,16000,1,False,0.007377,0.5994,0.0,VALID
audio_54.wav,test,True,True,60.075,16000,1,False,0.073318,0.1982,1e-06,VALID
audio_45.wav,test,True,True,60.501,16000,1,False,0.056353,0.1566,0.0,VALID
audio_71.wav,test,True,True,49.92,16000,1,False,0.05861,0.3077,0.0,VALID
audio_184.wav,test,True,True,45.06,16000,1,False,0.013076,0.343,0.0,VALID
audio_24.wav,test,True,True,45.06,16000,1,False,0.002035,0.9773,0.0,WARNING_SILENT
audio_140.wav,test,True,True,45.06,16000,1,False,0.017141,0.3743,0.0,VALID
audio_165.wav,test,True,True,41.22,16000,1,False,0.009785,0.4542,0.0,VALID
audio_170.wav,test,True,True,45.06,16000,1,False,0.016777,0.2635,0.0,VALID
