experiment_id,feature_set,model,parameters,cv_rmse_mean,cv_rmse_std,cv_pearson_mean,cv_pearson_std,training_rmse,notes
EXP_00,None (Baseline),Dummy Mean Predictor,mean=3.313,1.2381936808002134,0.0,0.0,0.0,1.2381936808002134,Simple baseline predicting constant training mean
EXP_01,Audio Features,Ridge Regressor,default tuned,0.8815388827482329,0.058258566773482706,0.7002080184688542,0.06745986725686466,0.7737613272969399,"OOF RMSE: 0.8834, OOF Pearson: 0.7010"
EXP_02,Linguistic NLP,Ridge Regressor,default tuned,0.9624360949674594,0.03787183736416929,0.6248661901732286,0.03976143090478365,0.915570889248422,"OOF RMSE: 0.9632, OOF Pearson: 0.6292"
EXP_03,Linguistic NLP,HistGradientBoosting,default tuned,0.9796497509394733,0.0551941100323495,0.611263995723772,0.06272828113652648,0.27767292814577027,"OOF RMSE: 0.9813, OOF Pearson: 0.6184"
EXP_04,Text Embeddings,Ridge Regressor,default tuned,0.9316358486843355,0.07010637936027182,0.6735792486975389,0.05001458681222501,0.5395162554271761,"OOF RMSE: 0.9344, OOF Pearson: 0.6726"
EXP_05,Text Embeddings,HistGradientBoosting,default tuned,0.9363932633585584,0.07395567836266972,0.6554141105578528,0.04563560283544321,0.0852648863678881,"OOF RMSE: 0.9394, OOF Pearson: 0.6523"
EXP_06,Ling + Audio,Ridge Regressor,default tuned,0.818478922609725,0.04457135287175051,0.7485244665792499,0.053353094604807715,0.6825615600333149,"OOF RMSE: 0.8196, OOF Pearson: 0.7499"
EXP_07,Multimodal (All),Ridge Regressor,default tuned,0.7565121808905757,0.029629895482284025,0.7940156541359048,0.02706108415949389,0.4538708799682465,"OOF RMSE: 0.7571, OOF Pearson: 0.7926"
EXP_08,Multimodal (All),ElasticNet Regressor,default tuned,0.7507737506594666,0.02325904914691089,0.7961189769803309,0.031113121860884545,0.6209375530896775,"OOF RMSE: 0.7511, OOF Pearson: 0.7963"
EXP_09,Multimodal (All),HistGradientBoosting,default tuned,0.7447365576008196,0.04040340158381158,0.7946348541581173,0.043984811758015656,0.02687162102167508,"OOF RMSE: 0.7458, OOF Pearson: 0.7984"
EXP_10,Multimodal Ensemble,Weighted Blend (OOF-Optimized),"EXP_02:0.00, EXP_04:0.08, EXP_07:0.37, EXP_09:0.55",0.7118101187558736,0.0,0.8195505233920591,0.0,0.67621961281808,"Optimal blend of Text, Ling, and Multimodal models"
